timestamp,open,high,low,close,volume
1789040040,78011.59,78018.2,78000.47,78018.19,1.27776612
1789040100,78010.63,78016.7,78010.62,78016.7,0.0067596
1789040160,78016.69,78016.69,77999.93,77999.93,0.24525671
1789040220,77999.95,77999.95,77981.7,77982.99,0.04964979
1789040280,77982.98,78002.87,77962.13,78002.87,1.46609613
1789040340,78006.21,78017.59,78006.21,78017.58,0.02487009
1789040400,78014.7,78014.7,78003.67,78003.67,0.22180417
1789040460,78003.68,78003.68,77997.05,77999.21,0.12377512
1789040520,77996.38,78006.95,77988.98,78001.52,0.10956942
1789040580,78001.53,78001.53,77958.83,77966.9,3.50567627
1789040640,77966.9,77976.41,77959.89,77976.41,0.14671269
1789040700,77976.41,77993.78,77966.86,77966.87,0.33603804
1789040760,77966.87,77966.87,77959.9,77959.9,0.01673632
1789040820,77959.9,77959.9,77887.03,77887.04,0.17146693
1789040880,77878.44,77895.96,77867.63,77895.96,2.54343039
1789040940,77906.15,77936.31,77906.15,77935.74,0.25347037
1789041000,77937.36,77937.36,77871.13,77871.13,0.44489859
1789041060,77871.13,77871.14,77858.97,77858.97,0.592274
1789041120,77845.44,77856.62,77845.44,77856.62,0.21053335
1789041180,77856.62,77939.6,77856.62,77939.6,0.37557083
1789041240,77939.59,77945.89,77871.55,77877.86,2.82712206
1789041300,77877.85,77877.86,77830.68,77836.81,0.73707318
1789041360,77830.69,77841.03,77827.38,77827.38,0.09384087
1789041420,77813.32,77823.24,77802.01,77823.24,0.11356952
1789041480,77829.35,77876.5,77829.35,77852.49,0.6313873
1789041540,77852.48,77852.49,77825.44,77825.44,0.37362066
1789041600,77825.44,77860.0,77810.78,77836.41,0.97715843
1789041660,77843.18,77843.18,77808.07,77825.92,0.42767787
1789041720,77824.91,77834.34,77811.28,77820.88,0.16480752
1789041780,77820.89,77821.63,77779.15,77779.15,0.88501053
1789041840,77784.38,77784.39,77742.24,77749.53,0.2100768
1789041900,77749.53,77758.49,77735.82,77758.49,0.73839131
1789041960,77764.87,77786.24,77719.32,77719.33,1.89807954
1789042020,77724.53,77755.36,77717.28,77717.28,0.31346426
1789042080,77717.28,77724.55,77692.11,77692.11,0.55517704
1789042140,77692.12,77708.07,77692.12,77697.93,0.07185415
1789042200,77696.74,77701.29,77695.0,77698.45,0.49932831
1789042260,77698.45,77715.28,77693.03,77706.02,1.10005915
1789042320,77706.02,77724.33,77703.04,77703.04,0.30925864
1789042380,77703.05,77796.81,77703.05,77796.81,0.43031299
1789042440,77803.69,77806.66,77792.57,77795.64,0.81834379
1789042500,77795.63,77803.83,77748.97,77748.97,0.64348889
1789042560,77746.14,77750.49,77714.57,77714.57,0.68030851
1789042620,77714.57,77732.39,77709.6,77727.24,0.28765666
1789042680,77727.24,77771.9,77727.24,77763.24,0.49931799
1789042740,77760.58,77760.59,77700.01,77700.01,2.02333746
1789042800,77700.0,77700.01,77664.15,77674.65,23.09191525
1789042860,77664.15,77674.9,77654.83,77674.9,1.92562805
1789042920,77684.64,77732.8,77684.58,77720.46,0.5169909
1789042980,77686.78,77720.1,77686.78,77720.1,0.64856875
1789043040,77724.91,77728.65,77712.88,77712.88,0.11612105
1789043100,77712.88,77728.63,77712.88,77726.58,0.48301443
1789043160,77726.57,77726.58,77720.82,77724.22,0.19698691
1789043220,77724.22,77724.23,77698.75,77698.75,0.96400075
1789043280,77698.74,77704.98,77685.7,77704.98,0.22901069
1789043340,77712.04,77777.08,77712.04,77777.08,10.04835866
1789043400,77775.64,77906.18,77348.61,77718.71,28.01764889
1789043460,77709.41,77709.41,77542.0,77542.0,1.94653396
1789043520,77559.04,77617.82,77477.99,77478.0,6.12729673
1789043580,77479.81,77500.27,77434.54,77465.51,8.81174376
1789043640,77444.14,77473.03,77328.72,77356.86,11.99440369
1789043700,77349.65,77483.08,77349.65,77395.01,4.89667874
1789043760,77391.45,77467.72,77283.0,77294.41,4.22666091
1789043820,77309.9,77330.28,77255.18,77294.89,3.52704433
1789043880,77291.88,77325.13,77077.0,77077.0,23.48199339
1789043940,77067.85,77151.19,77000.0,77071.01,62.72940394
1789044000,77071.01,77128.95,77069.88,77106.04,1.93925482
1789044060,77128.12,77215.61,77128.12,77144.77,7.46440829
1789044120,77142.42,77194.92,77062.25,77164.63,3.30101578
1789044180,77163.63,77180.88,77122.87,77122.87,3.30324148
1789044240,77122.12,77122.12,77076.38,77083.78,15.60380381
1789044300,77083.78,77123.22,77053.7,77060.67,7.88772368
1789044360,77072.09,77072.09,76866.82,76901.88,18.29393639
1789044420,76895.72,76919.95,76651.34,76909.47,22.88293769
1789044480,76909.5,76951.76,76857.65,76905.58,14.15110924
1789044540,76929.14,77022.87,76916.58,76997.64,19.73178152
1789044600,76996.81,77076.33,76990.83,77076.33,5.206269
1789044660,77074.72,77074.72,76964.1,77008.04,1.62098147
1789044720,76977.79,76980.24,76921.85,76934.63,9.2594606
1789044780,76934.62,76939.98,76831.92,76844.0,3.00529845
1789044840,76849.46,76880.05,76816.38,76816.38,1.98734174
1789044900,76818.28,76818.28,76700.98,76711.45,22.60213731
1789044960,76707.99,76737.94,76654.97,76720.48,7.90992439
1789045020,76736.83,76865.11,76709.46,76865.11,4.45738609
1789045080,76864.14,76878.63,76815.91,76819.8,0.69945115
1789045140,76835.46,76885.25,76813.59,76871.19,1.51934851
1789045200,76869.36,76922.63,76854.7,76920.09,4.19188817
1789045260,76926.68,77014.54,76925.95,76956.84,21.07070226
1789045320,76958.84,77042.06,76958.84,77034.48,2.80931785
1789045380,77038.83,77054.63,77016.72,77021.13,4.50016124
1789045440,77021.58,77049.89,77000.0,77025.8,1.66105092
1789045500,77018.81,77023.33,76977.73,77010.49,0.98037897
1789045560,77010.5,77048.11,77006.22,77048.11,1.18754075
1789045620,77047.83,77047.83,76975.56,76975.56,1.58872923
1789045680,76972.53,76995.58,76904.02,76941.5,2.65811456
1789045740,76943.92,76986.65,76887.98,76956.27,2.61969534
1789045800,76945.19,77016.02,76928.51,76950.58,0.56740241
1789045860,76954.58,76978.22,76914.62,76942.12,2.19229627
1789045920,76924.66,76956.04,76781.75,76794.66,1.99050242
1789045980,76787.8,76829.11,76755.92,76766.65,2.40993541
1789046040,76764.86,76812.11,76760.61,76812.11,1.46420259
1789046100,76811.02,76833.14,76802.49,76833.14,0.91617095
1789046160,76857.52,76873.56,76790.02,76869.12,2.67374235
1789046220,76850.86,76867.06,76818.68,76830.06,0.36015608
1789046280,76827.96,76829.28,76760.47,76776.49,2.7281246
1789046340,76811.84,76811.84,76737.8,76737.8,3.97395253
1789046400,76737.8,76781.42,76723.59,76757.42,16.65921061
1789046460,76760.97,76898.67,76760.97,76871.42,1.23487295
1789046520,76883.04,76920.2,76883.04,76908.19,0.3755791
1789046580,76907.18,76941.9,76904.29,76904.29,3.58710491
1789046640,76905.81,76923.23,76859.59,76859.59,1.79744165
1789046700,76859.59,76869.49,76830.61,76841.14,5.28216636
1789046760,76841.15,76878.26,76835.39,76875.42,0.73672538
1789046820,76876.36,76884.35,76845.98,76884.35,1.48833017
1789046880,76879.08,76926.68,76878.69,76926.68,0.56148282
1789046940,76939.81,76946.33,76903.87,76903.87,0.63200143
1789047000,76903.86,76944.0,76774.68,76774.69,2.65791997
1789047060,76773.25,76854.98,76736.73,76739.64,3.06483341
1789047120,76740.58,76859.01,76734.66,76829.92,2.90791269
1789047180,76832.89,76883.18,76816.31,76840.59,3.36637085
1789047240,76842.78,76902.23,76840.19,76900.93,4.60714109
1789047300,76893.94,76912.53,76848.31,76912.53,4.1186213
1789047360,76906.65,77055.31,76906.13,77055.31,0.98466041
1789047420,77057.61,77067.6,76926.69,76982.77,4.54469054
1789047480,76983.45,77014.84,76960.94,76970.38,1.58937668
1789047540,76963.1,77026.94,76945.33,77026.94,1.70120074
1789047600,77026.94,77026.94,76965.72,76984.77,3.30041905
1789047660,76984.77,77056.35,76967.61,76992.72,2.79779402
1789047720,76987.9,77021.75,76915.96,76922.69,4.90172644
1789047780,76929.25,76978.63,76929.25,76958.36,3.16234018
1789047840,76949.89,76967.53,76918.59,76918.59,2.03524007
1789047900,76907.43,76973.84,76900.0,76973.84,3.01240007
1789047960,76978.99,77002.23,76959.59,77002.23,2.58039503
1789048020,77002.22,77061.32,77002.22,77036.82,0.46742876
1789048080,77033.82,77060.26,76960.58,76992.0,0.28562771
1789048140,77005.88,77071.01,77005.88,77054.45,4.43564875
1789048200,77047.04,77047.04,76939.08,76951.46,1.96710857
1789048260,76934.11,76945.25,76902.36,76938.76,4.99007491
1789048320,76929.65,77082.6,76929.65,77082.6,3.78079807
1789048380,77092.6,77182.67,77085.45,77152.18,27.83724361
1789048440,77152.18,77206.62,77128.19,77128.19,3.56386531
1789048500,77122.28,77140.67,77086.06,77098.5,0.46540349
1789048560,77129.65,77161.51,77127.27,77135.87,0.30692012
1789048620,77151.57,77156.49,77142.26,77156.49,0.24174463
1789048680,77156.5,77186.59,77156.5,77167.86,2.88674198
1789048740,77177.63,77195.56,77147.76,77147.76,0.43895896
1789048800,77145.73,77227.38,77145.73,77227.38,3.86125751
1789048860,77236.64,77275.24,77220.67,77275.24,6.02667057
1789048920,77281.17,77312.16,77264.0,77264.01,4.06819456
1789048980,77264.01,77280.06,77200.0,77241.08,3.49654343
1789049040,77245.81,77245.81,77182.73,77212.66,4.17721566
1789049100,77208.76,77228.81,77141.85,77141.85,5.9027434
1789049160,77129.62,77146.99,77100.01,77143.21,1.8770181
1789049220,77124.19,77124.19,77014.28,77014.28,2.43778728
1789049280,77014.28,77021.61,76940.48,76978.06,1.27728308
1789049340,76971.47,77014.45,76951.45,77014.45,2.15312858
1789049400,77014.45,77038.1,76982.64,76989.69,1.35910412
1789049460,76984.49,77065.68,76979.45,77063.67,0.4686232
1789049520,77063.68,77123.41,77063.68,77105.07,2.62403609
1789049580,77108.61,77111.78,77093.23,77096.77,0.25419183
1789049640,77096.76,77111.47,77047.71,77052.31,1.1916729
1789049700,77052.41,77054.26,77021.12,77021.12,3.19260781
1789049760,77018.34,77018.34,76969.22,77000.0,2.0101101
1789049820,77004.62,77004.62,76951.15,76951.15,3.65985338
1789049880,76947.93,76951.15,76928.26,76935.29,4.83787799
1789049940,76940.0,77020.79,76940.0,77020.79,1.60307289
1789050000,77018.79,77058.7,77004.34,77041.31,2.55359178
1789050060,77037.49,77037.49,76970.88,77023.81,2.37390246
1789050120,77031.03,77142.04,77031.03,77136.62,2.92591051
1789050180,77136.62,77136.62,77091.79,77115.48,0.47851122
1789050240,77115.47,77312.16,77095.83,77231.52,9.79917938
1789050300,77236.49,77339.26,77236.49,77316.0,1.69906834
1789050360,77294.39,77296.75,77204.26,77257.67,2.33502681
1789050420,77246.24,77269.82,77223.6,77262.65,1.81228149
1789050480,77262.65,77333.44,77262.65,77333.44,0.25454456
1789050540,77333.44,77342.31,77253.18,77253.18,0.87475175
1789050600,77242.42,77271.45,77232.45,77233.8,0.43063732
1789050660,77233.79,77233.79,77209.21,77225.82,0.48701422
1789050720,77229.46,77252.11,77225.79,77240.0,0.22862043
1789050780,77243.45,77277.78,77242.34,77255.46,0.34501668
1789050840,77253.95,77277.71,77246.73,77260.57,0.4635674
1789050900,77261.49,77323.83,77261.49,77293.96,0.71619804
1789050960,77296.34,77299.26,77252.43,77299.26,0.28931115
1789051020,77303.62,77307.38,77292.72,77305.52,0.1126325
1789051080,77303.83,77303.83,77225.91,77232.51,5.80551802
1789051140,77232.5,77232.51,77216.39,77219.13,0.34028097
1789051200,77219.14,77256.35,77219.13,77256.35,2.12828771
1789051260,77259.15,77313.41,77259.15,77286.34,1.70829207
1789051320,77278.28,77286.34,77252.91,77252.91,0.54176811
1789051380,77240.07,77254.17,77235.9,77247.14,1.65354565
1789051440,77247.14,77247.14,77239.61,77245.75,0.05471266
1789051500,77245.75,77293.46,77245.75,77293.46,1.88577992
1789051560,77284.95,77357.22,77284.95,77357.21,2.3750281
1789051620,77357.21,77364.87,77316.48,77316.48,2.16861371
1789051680,77316.35,77333.43,77297.26,77313.68,1.62411919
1789051740,77312.04,77320.69,77293.06,77302.39,0.16587997
1789051800,77293.38,77293.38,77252.39,77252.39,1.49307674
1789051860,77258.61,77258.61,77236.46,77244.48,2.17167765
1789051920,77250.09,77307.24,77250.09,77307.24,0.73338753
1789051980,77307.24,77346.43,77305.22,77341.1,1.1950801
1789052040,77349.12,77358.34,77349.12,77354.94,1.14066499
1789052100,77354.95,77366.5,77351.38,77360.45,0.72730025
1789052160,77360.45,77392.82,77360.45,77392.82,3.33990707
1789052220,77392.82,77392.82,77353.56,77371.95,1.4909695
1789052280,77371.95,77371.95,77333.16,77349.85,0.34563232
1789052340,77349.84,77377.97,77349.84,77377.97,0.40240155
1789052400,77377.97,77377.97,77300.0,77302.63,0.92200998
1789052460,77300.73,77300.74,77250.14,77253.48,1.02223406
1789052520,77258.25,77268.21,77218.58,77236.0,0.60777586
1789052580,77237.29,77286.98,77215.62,77286.98,0.80362036
1789052640,77292.12,77305.77,77264.88,77264.88,0.56688034
1789052700,77253.32,77318.35,77253.32,77318.35,0.17782923
1789052760,77325.99,77325.99,77283.11,77288.63,0.32926394
1789052820,77288.63,77321.99,77288.63,77321.98,2.51608714
1789052880,77320.0,77320.0,77296.22,77315.26,0.1489084
1789052940,77327.7,77356.13,77327.7,77334.19,0.24274033
1789053000,77312.88,77379.45,77312.88,77379.45,0.32480139
1789053060,77379.44,77379.44,77323.12,77323.13,0.49964326
1789053120,77323.12,77324.59,77306.21,77306.22,0.0637478
1789053180,77306.22,77320.86,77298.01,77317.34,1.48694211
1789053240,77314.85,77314.85,77300.85,77304.13,0.05754958
1789053300,77307.6,77319.03,77298.02,77309.62,1.61371025
1789053360,77314.57,77314.57,77298.01,77298.01,0.02505271
1789053420,77298.01,77298.01,77234.5,77234.5,2.91914274
1789053480,77230.34,77231.91,77226.88,77226.88,0.21046054
1789053540,77215.62,77252.98,77215.62,77232.06,0.70706554
1789053600,77232.07,77233.64,77187.84,77187.84,2.81636989
1789053660,77174.26,77182.71,77118.94,77182.71,6.08002668
1789053720,77184.56,77209.49,77173.83,77183.13,1.75994029
1789053780,77174.74,77181.66,77139.32,77142.11,0.82457998
1789053840,77133.61,77144.82,77130.81,77144.37,0.23096298
1789053900,77142.46,77142.46,77102.55,77105.9,0.21288551
1789053960,77104.91,77104.91,77076.83,77082.55,0.43548785
1789054020,77082.54,77087.92,77076.83,77087.92,0.08457446
1789054080,77103.22,77132.38,77089.81,77115.9,0.22156445
1789054140,77107.38,77107.39,77078.27,77078.27,0.06358389
1789054200,77078.28,77106.12,77078.28,77106.12,0.16890867
1789054260,77106.12,77113.0,77088.68,77112.49,0.54229651
1789054320,77108.33,77108.34,77061.32,77103.28,0.68880282
1789054380,77108.03,77170.02,77107.02,77168.77,1.2252706
1789054440,77167.25,77176.78,77139.8,77139.8,0.29692178
1789054500,77134.31,77187.97,77127.33,77160.13,1.03749978
1789054560,77160.13,77253.85,77160.13,77253.85,0.44180718
1789054620,77253.84,77308.67,77251.74,77308.67,2.5531513
1789054680,77303.08,77305.32,77286.74,77286.74,0.35525585
1789054740,77282.25,77282.25,77249.82,77251.14,0.29417334
1789054800,77251.15,77251.15,77181.92,77184.33,2.84243857
1789054860,77184.33,77205.69,77170.57,77187.16,3.70888492
1789054920,77184.64,77195.4,77164.68,77193.85,3.86808761
1789054980,77188.85,77193.85,77165.34,77193.85,0.07772826
1789055040,77193.85,77203.84,77183.94,77184.81,0.08761784
1789055100,77188.26,77212.42,77167.69,77207.01,2.78431752
1789055160,77207.01,77207.01,77101.91,77101.91,0.2074197
1789055220,77102.55,77102.55,77083.54,77085.66,0.04521213
1789055280,77088.83,77117.36,77088.83,77111.33,0.42958212
1789055340,77107.79,77147.32,77101.28,77147.32,0.43191363
1789055400,77147.32,77183.85,77144.26,77149.03,1.42333085
1789055460,77147.06,77147.06,77119.42,77127.07,0.6976975
1789055520,77120.35,77179.44,77118.34,77161.3,0.36761857
1789055580,77157.64,77158.61,77136.64,77136.64,0.15015653
1789055640,77134.14,77134.14,77115.76,77123.26,0.15525409
1789055700,77114.96,77122.66,77092.4,77117.87,1.8409317
1789055760,77114.63,77171.47,77114.63,77166.71,2.01451317
1789055820,77163.09,77183.81,77163.09,77177.46,0.08078683
1789055880,77177.47,77209.39,77177.47,77190.72,0.11563188
1789055940,77191.26,77213.98,77188.81,77213.98,0.08751041
1789056000,77213.98,77265.76,77207.1,77263.03,0.84606612
1789056060,77264.24,77279.32,77209.67,77215.47,1.55490009
1789056120,77220.13,77224.46,77154.71,77154.71,2.0269843
1789056180,77121.48,77121.48,77071.11,77080.8,1.08401701
1789056240,77082.54,77107.04,77069.32,77069.32,0.05946708
1789056300,77061.13,77076.03,77046.79,77076.03,0.3562013
1789056360,77076.04,77076.04,77058.4,77058.4,0.20083949
1789056420,77058.4,77058.4,76996.84,76996.84,1.04582662
1789056480,76995.1,76995.1,76926.84,76926.84,3.18596665
1789056540,76926.85,76939.61,76894.78,76901.5,0.20160215
1789056600,76894.78,76935.39,76885.66,76920.5,1.34052262
1789056660,76920.51,76924.28,76885.72,76885.72,0.34614262
1789056720,76890.07,76943.46,76878.97,76943.46,1.51140233
1789056780,76947.92,76963.48,76947.92,76957.66,0.2299434
1789056840,76955.03,76955.03,76949.11,76949.12,0.92016784
1789056900,76949.11,76955.03,76945.07,76955.02,0.26398213
1789056960,76955.03,76958.69,76905.58,76905.58,0.24528548
1789057020,76905.57,76905.57,76872.52,76886.18,1.49107039
1789057080,76886.18,76894.21,76861.53,76864.64,0.11460827
1789057140,76864.96,76885.55,76840.41,76885.17,0.71397659
1789057200,76877.83,77012.59,76877.83,77012.59,0.65820229
1789057260,77002.47,77050.83,76991.96,77024.34,5.95860416
1789057320,77015.17,77015.17,76965.44,76965.44,0.16214264
1789057380,76965.44,76965.44,76942.25,76958.31,0.46654851
1789057440,76963.77,76971.19,76944.7,76962.6,0.20206575
1789057500,76951.51,76958.48,76933.83,76958.48,0.14128947
1789057560,76958.48,76965.52,76915.95,76915.95,1.48069958
1789057620,76910.04,76919.0,76900.43,76911.35,1.18251211
1789057680,76908.56,76911.9,76903.36,76906.5,0.57574985
1789057740,76906.49,76906.5,76888.25,76899.16,0.12003226
1789057800,76896.68,76934.68,76878.64,76925.36,1.25758527
1789057860,76925.36,76942.43,76925.36,76930.22,0.3508693
1789057920,76931.07,76931.07,76893.37,76903.2,0.81548336
1789057980,76900.69,76900.69,76882.66,76882.66,0.38630509
1789058040,76882.65,76882.66,76807.7,76811.24,4.25686459
1789058100,76800.49,76800.49,76771.61,76781.79,1.89384803
1789058160,76774.77,76854.69,76774.77,76854.69,0.94516724
1789058220,76855.99,76944.14,76855.99,76944.14,0.6083739
1789058280,76944.15,76952.22,76922.84,76934.11,0.57907549
1789058340,76929.36,76983.68,76929.36,76983.68,0.34398604
1789058400,76983.67,77008.14,76972.99,77008.14,0.41884093
1789058460,77007.14,77017.2,77000.28,77007.59,0.03134439
1789058520,77011.49,77022.87,76993.39,76993.39,0.4541026
1789058580,76993.39,76993.39,76941.81,76951.5,0.53057822
1789058640,76951.5,77004.64,76951.5,77004.64,1.6036303
1789058700,77004.64,77056.93,77004.64,77056.92,0.78885935
1789058760,77056.93,77151.01,77056.92,77147.08,1.03404137
1789058820,77135.51,77208.41,77135.51,77172.23,2.86635614
1789058880,77161.96,77172.98,77128.63,77128.64,0.52375681
1789058940,77124.62,77124.62,77094.54,77094.54,0.5945537
1789059000,77087.02,77095.86,77071.34,77071.34,0.40606558
1789059060,77071.34,77087.56,77071.34,77075.92,0.37294542
1789059120,77075.92,77075.92,77038.02,77038.03,0.42022798
1789059180,77038.02,77063.94,77038.02,77055.83,0.19706571
1789059240,77055.82,77063.91,77046.2,77055.73,0.13052061
1789059300,77055.72,77104.55,77048.71,77104.55,1.68210566
1789059360,77122.49,77143.0,77122.49,77125.52,4.17612776
1789059420,77122.48,77122.48,77115.77,77119.71,0.72761988
1789059480,77120.99,77167.38,77120.99,77167.38,0.26854884
1789059540,77167.37,77167.38,77161.61,77166.01,0.66556983
1789059600,77166.0,77166.0,77127.61,77142.15,0.36312992
1789059660,77147.93,77147.94,77103.88,77103.89,0.09147477
1789059720,77103.89,77173.48,77103.89,77148.66,4.7899938
1789059780,77148.67,77148.67,77090.39,77090.39,0.25383458
1789059840,77090.39,77118.39,77090.39,77111.51,0.29195949
1789059900,77111.51,77142.52,77111.51,77123.77,0.46201487
1789059960,77123.77,77123.77,77095.17,77095.17,1.51535343
1789060020,77095.16,77116.02,77095.16,77105.52,0.17016019
1789060080,77105.53,77110.73,77105.52,77105.53,0.28245096
1789060140,77105.53,77106.72,77102.76,77106.72,0.37843488
1789060200,77106.72,77142.1,77106.72,77137.97,0.19802885
1789060260,77137.96,77146.66,77137.96,77146.66,0.38538541
1789060320,77150.41,77195.49,77150.41,77158.66,0.43770599
1789060380,77158.67,77158.67,77122.26,77129.01,0.07979826
1789060440,77123.59,77132.25,77123.59,77129.63,0.20168276
1789060500,77129.62,77129.62,77117.54,77117.54,2.05115369
1789060560,77117.55,77138.66,77100.83,77106.38,0.17399616
1789060620,77106.37,77120.84,77100.84,77119.32,0.17978322
1789060680,77109.58,77120.84,77103.66,77111.73,0.04733545
1789060740,77111.73,77130.68,77111.72,77130.68,0.08343868
1789060800,77135.66,77187.61,77091.57,77187.61,3.62561174
1789060860,77188.78,77205.02,77183.08,77202.58,0.36029095
1789060920,77191.86,77205.02,77189.43,77202.63,0.99139834
1789060980,77189.43,77207.99,77188.43,77207.99,0.22094451
1789061040,77207.98,77268.56,77197.57,77249.65,3.97353805
1789061100,77249.66,77278.5,77206.64,77210.82,1.06714543
1789061160,77210.82,77210.83,77205.0,77210.83,0.5138841
1789061220,77219.11,77286.14,77219.11,77240.39,3.90848903
1789061280,77255.57,77300.0,77251.9,77295.24,0.51027131
1789061340,77295.24,77295.24,77284.71,77284.71,0.62761455
1789061400,77284.72,77338.97,77284.71,77322.77,2.26933374
1789061460,77322.76,77339.34,77322.76,77339.34,0.3415463
1789061520,77339.34,77439.97,77339.33,77383.01,1.42014899
1789061580,77384.51,77403.27,77356.37,77387.54,0.55803316
1789061640,77380.47,77473.37,77380.47,77473.37,0.2839038
1789061700,77477.43,77503.0,77422.71,77501.58,0.87482958
1789061760,77505.64,77505.64,77451.03,77451.03,0.89686144
1789061820,77451.02,77451.03,77393.9,77405.42,0.14027789
1789061880,77395.68,77395.68,77350.19,77355.02,0.04754256
1789061940,77355.03,77355.03,77328.74,77329.78,1.04959362
1789062000,77329.78,77329.79,77284.94,77319.91,0.61126912
1789062060,77320.15,77354.6,77320.15,77349.85,0.5442924
1789062120,77337.99,77346.96,77282.54,77293.56,1.02911991
1789062180,77298.16,77314.02,77287.36,77309.32,0.09538509
1789062240,77309.31,77331.65,77309.31,77327.58,0.34968114
1789062300,77327.57,77327.58,77317.58,77324.87,0.09017776
1789062360,77324.3,77343.01,77287.21,77288.24,1.16836625
1789062420,77297.99,77314.67,77297.99,77304.81,0.52131584
1789062480,77300.4,77349.01,77300.4,77347.92,0.46712414
1789062540,77349.02,77375.68,77349.02,77362.28,0.14878117
1789062600,77355.74,77362.6,77329.22,77329.23,0.23943567
1789062660,77342.24,77381.72,77342.24,77381.72,0.63172223
1789062720,77381.72,77387.14,77372.0,77387.14,0.21027848
1789062780,77394.73,77394.73,77358.19,77366.92,0.33717847
1789062840,77365.13,77380.02,77361.05,77365.87,0.15953409
1789062900,77365.88,77365.88,77327.78,77327.78,0.48254016
1789062960,77327.79,77335.73,77327.78,77329.88,0.20169538
1789063020,77329.8,77335.52,77313.86,77313.86,0.09463323
1789063080,77310.55,77312.42,77303.02,77303.02,0.22140943
1789063140,77303.02,77303.02,77300.0,77300.0,0.31389301
1789063200,77300.0,77300.0,77265.17,77286.72,0.35242718
1789063260,77294.97,77299.94,77235.13,77235.13,0.21995181
1789063320,77225.27,77225.27,77189.8,77205.28,1.47851672
1789063380,77204.33,77204.33,77158.99,77159.0,0.42614036
1789063440,77159.0,77159.0,77128.41,77128.41,0.27944808
1789063500,77128.41,77145.69,77111.5,77145.69,0.27958749
1789063560,77145.68,77145.69,77117.18,77132.98,0.48812121
1789063620,77126.38,77128.68,77117.18,77121.37,0.16047198
1789063680,77117.17,77117.17,77077.0,77077.0,0.08353225
1789063740,77071.01,77071.01,76965.01,76965.01,0.61903271
1789063800,76970.14,76998.65,76954.16,76998.65,0.91203782
1789063860,76985.82,76998.35,76985.82,76998.35,0.44422338
1789063920,76998.34,76998.34,76994.82,76998.34,0.39569921
1789063980,76998.34,76998.34,76974.33,76980.48,0.12143935
1789064040,76980.48,76986.5,76980.48,76981.1,0.11903326
1789064100,76980.58,76997.9,76969.06,76997.9,0.44571
1789064160,76997.9,77051.37,76997.9,77030.11,1.14064151
1789064220,77018.26,77023.31,76974.01,76974.01,0.30513611
1789064280,76974.01,76997.13,76974.01,76997.13,0.1130341
1789064340,76997.13,77009.92,76994.38,77009.92,1.80486498
1789064400,77014.9,77041.02,77014.9,77041.02,0.25331602
1789064460,77041.01,77059.75,77032.45,77059.75,0.65369833
1789064520,77059.75,77117.28,77059.75,77111.09,3.71752075
1789064580,77106.5,77106.5,77079.89,77079.89,0.04660134
1789064640,77071.94,77075.23,77071.94,77075.23,0.15353139
1789064700,77075.22,77082.1,77075.22,77075.92,0.25612184
1789064760,77075.91,77075.91,77055.36,77055.36,1.25155915
1789064820,77048.23,77069.06,77048.23,77060.93,0.2241455
1789064880,77060.93,77091.99,77060.93,77076.98,2.67625081
1789064940,77076.98,77076.98,77044.66,77044.66,0.69002779
1789065000,77035.16,77035.16,77020.61,77028.47,0.33081513
1789065060,77028.47,77029.79,77028.46,77029.79,0.12331089
1789065120,77031.31,77052.84,77031.31,77052.84,0.54517573
1789065180,77052.42,77052.42,77011.98,77011.98,0.05687391
1789065240,77011.97,77038.47,77011.97,77038.47,1.38267711
1789065300,77050.32,77050.33,77035.85,77040.28,0.18211479
1789065360,77041.47,77097.58,77041.47,77097.58,0.91840865
1789065420,77097.57,77097.58,77091.18,77097.58,0.1948707
1789065480,77100.26,77117.4,77098.58,77117.39,0.13772775
1789065540,77117.4,77129.23,77117.4,77117.72,0.12510494
1789065600,77117.72,77117.72,77099.86,77099.91,0.42430251
1789065660,77099.92,77122.29,77099.91,77122.29,0.10152673
1789065720,77122.3,77125.43,77120.65,77120.65,0.42575226
1789065780,77120.65,77120.65,77103.56,77113.27,0.02962564
1789065840,77103.59,77120.9,77103.58,77120.89,0.08871517
1789065900,77120.89,77120.9,77103.55,77103.56,0.04247804
1789065960,77107.28,77107.29,77092.23,77102.76,0.07389644
1789066020,77097.11,77098.27,77092.22,77098.27,0.08778729
1789066080,77095.27,77095.27,77069.14,77069.14,0.73782054
1789066140,77069.14,77146.43,77069.14,77095.02,2.41461448
1789066200,77095.01,77095.01,77063.27,77084.51,1.28585201
1789066260,77088.64,77200.13,77088.63,77192.32,2.06858955
1789066320,77192.29,77196.05,77166.79,77193.71,0.67574064
1789066380,77194.01,77222.14,77187.7,77222.14,0.20979573
1789066440,77232.36,77273.08,77232.35,77265.96,2.24833513
1789066500,77255.89,77255.89,77220.0,77225.89,2.54527932
1789066560,77225.89,77225.9,77208.7,77208.71,0.01247685
1789066620,77208.71,77208.71,77167.39,77167.39,0.1493536
1789066680,77167.39,77178.9,77167.38,77178.9,0.08436909
1789066740,77181.91,77216.53,77181.9,77216.53,0.29519201
1789066800,77216.53,77216.53,77172.17,77172.18,0.25143108
1789066860,77172.18,77182.53,77146.44,77146.44,0.28929812
1789066920,77145.51,77154.02,77145.5,77154.02,0.06673086
1789066980,77154.02,77181.17,77145.7,77181.17,0.16707355
1789067040,77182.16,77190.82,77173.03,77176.51,0.05066891
1789067100,77174.51,77174.51,77138.53,77138.56,0.35855907
1789067160,77135.44,77135.44,77127.38,77127.38,0.02266574
1789067220,77127.38,77152.46,77127.38,77141.58,0.41456631
1789067280,77131.76,77131.76,77122.84,77122.85,0.31861427
1789067340,77122.85,77165.3,77122.85,77162.47,0.81729673
1789067400,77165.31,77165.31,77135.23,77135.23,0.21617348
1789067460,77133.39,77133.39,77094.65,77094.65,0.69852798
1789067520,77094.65,77101.0,77094.65,77100.0,0.31990563
1789067580,77100.0,77110.38,77100.0,77108.34,0.21840436
1789067640,77108.34,77140.71,77108.34,77140.71,0.42274498
1789067700,77140.71,77161.58,77131.4,77131.4,0.94811545
1789067760,77134.53,77134.54,77134.53,77134.53,0.0116539
1789067820,77134.53,77140.1,77127.8,77127.8,0.08433203
1789067880,77127.8,77127.81,77113.99,77127.81,0.32885342
1789067940,77131.48,77131.48,77121.82,77121.83,0.15124713
1789068000,77119.77,77119.77,77086.61,77086.61,0.27883346
1789068060,77087.59,77095.87,77083.42,77095.87,0.14628017
1789068120,77100.69,77121.75,77100.69,77121.74,0.09430263
1789068180,77121.07,77128.36,77088.17,77088.17,1.07030379
1789068240,77086.87,77156.31,77086.86,77153.57,1.94602063
1789068300,77161.29,77224.2,77161.29,77190.13,0.14963522
1789068360,77190.01,77192.4,77187.11,77187.12,1.95172914
1789068420,77187.12,77187.12,77178.43,77178.43,0.00708965
1789068480,77178.44,77187.12,77178.43,77187.12,1.30519356
1789068540,77191.49,77200.66,77150.33,77160.86,3.21713777
1789068600,77160.86,77160.86,77101.87,77101.87,0.03754655
1789068660,77093.7,77093.72,77080.82,77085.06,0.08284396
1789068720,77089.01,77095.99,77086.49,77092.37,1.01016905
1789068780,77090.32,77098.46,77077.19,77098.46,0.37093391
1789068840,77107.63,77125.45,77107.63,77122.45,0.05660574
1789068900,77122.44,77172.48,77111.69,77164.8,1.73695837
1789068960,77157.68,77157.68,77155.25,77155.25,0.01162647
1789069020,77155.25,77155.25,77122.29,77122.29,0.13845569
1789069080,77122.29,77123.84,77112.91,77123.84,1.05095376
1789069140,77129.0,77140.47,77125.84,77140.47,2.11515135
1789069200,77143.16,77203.25,77143.16,77203.25,0.52239543
1789069260,77203.25,77203.25,77203.24,77203.24,0.32874404
1789069320,77203.24,77216.5,77203.0,77216.5,0.49188382
1789069380,77226.89,77250.73,77226.89,77250.73,0.29426718
1789069440,77250.73,77266.56,77206.15,77221.67,2.21356292
1789069500,77221.66,77221.67,77189.56,77194.1,0.18523393
1789069560,77194.11,77197.08,77145.0,77145.01,0.08376096
1789069620,77145.0,77145.0,77119.2,77141.75,0.07146043
1789069680,77141.74,77160.42,77141.74,77147.92,2.24325667
1789069740,77143.18,77150.08,77136.81,77136.81,0.17126804
1789069800,77120.88,77128.53,77070.0,77070.0,0.86849856
1789069860,77070.0,77123.22,77069.01,77123.21,18.89879426
1789069920,77123.22,77133.21,77073.45,77073.45,0.73529329
1789069980,77066.45,77073.45,77066.44,77073.45,0.11936903
1789070040,77066.45,77073.45,77066.44,77073.45,0.04364081
1789070100,77073.46,77119.65,77068.33,77119.65,0.36067501
1789070160,77119.65,77119.65,77105.95,77105.96,0.01359038
1789070220,77105.96,77117.36,77105.96,77117.36,0.06140895
1789070280,77117.35,77163.32,77117.35,77157.64,1.2511876
1789070340,77156.83,77156.83,77107.31,77128.84,0.28747377
1789070400,77130.36,77151.16,77130.36,77146.98,0.2218377
1789070460,77151.15,77161.57,77151.15,77161.57,0.06164166
1789070520,77161.57,77161.57,77131.02,77131.02,0.65337974
1789070580,77116.77,77135.99,77081.68,77135.22,1.54167216
1789070640,77128.84,77145.82,77119.85,77145.82,0.70420886
1789070700,77142.37,77152.98,77142.37,77152.98,0.15023102
1789070760,77152.97,77167.36,77132.41,77147.09,0.88189626
1789070820,77147.09,77199.01,77147.08,77199.01,0.72765469
1789070880,77199.0,77241.36,77199.0,77229.65,1.126544
1789070940,77228.48,77263.86,77228.48,77263.85,2.35113971
1789071000,77263.85,77271.55,77244.79,77267.47,2.49846696
1789071060,77268.93,77287.57,77260.88,77260.88,0.60275925
1789071120,77257.15,77267.59,77250.93,77250.93,1.18332151
1789071180,77261.27,77266.0,77259.17,77266.0,0.20745795
1789071240,77267.58,77292.74,77267.58,77292.74,0.0539259
1789071300,77292.74,77298.36,77272.62,77283.51,0.52577752
1789071360,77289.62,77299.94,77272.63,77272.63,0.80174074
1789071420,77272.63,77282.86,77272.63,77282.86,0.06427445
1789071480,77282.87,77282.87,77282.86,77282.87,0.45537757
1789071540,77282.87,77300.78,77282.87,77300.77,0.5239276
1789071600,77298.48,77312.16,77298.47,77312.15,0.22437184
1789071660,77312.15,77312.16,77312.15,77312.16,0.05988954
1789071720,77317.91,77323.11,77317.91,77322.33,0.14430596
1789071780,77322.32,77322.32,77306.02,77307.87,0.16454324
1789071840,77307.88,77307.88,77255.98,77255.98,1.0053129
1789071900,77254.72,77254.72,77232.72,77245.63,0.10704864
1789071960,77245.63,77245.63,77244.22,77244.22,0.00306326
1789072020,77244.23,77266.82,77244.23,77265.01,0.5084885
1789072080,77265.0,77265.01,77259.36,77259.36,0.01708342
1789072140,77248.93,77248.93,77248.92,77248.93,0.24980502
1789072200,77248.92,77252.77,77248.92,77252.76,0.03649858
1789072260,77252.77,77252.77,77216.8,77217.8,0.07778498
1789072320,77217.8,77217.8,77203.27,77214.88,0.01704881
1789072380,77214.88,77241.0,77214.88,77241.0,0.28222689
1789072440,77244.4,77244.4,77236.78,77236.78,0.43564455
1789072500,77226.7,77226.7,77209.08,77209.08,0.00890694
1789072560,77210.18,77217.74,77209.98,77209.99,0.32107977
1789072620,77209.99,77226.71,77209.99,77226.71,0.03310999
1789072680,77226.71,77226.71,77226.7,77226.71,0.21990208
1789072740,77226.71,77240.31,77226.71,77240.31,0.45820135
1789072800,77240.31,77259.56,77238.43,77239.94,0.21598044
1789072860,77239.94,77239.94,77238.82,77238.83,0.11870464
1789072920,77238.83,77259.56,77238.83,77252.11,0.2022032
1789072980,77252.11,77266.9,77252.1,77266.9,0.23015467
1789073040,77270.18,77270.19,77268.98,77268.99,0.25297612
1789073100,77268.98,77268.99,77255.02,77258.51,0.08125309
1789073160,77258.5,77262.91,77258.5,77262.91,0.20264945
1789073220,77262.9,77262.9,77233.7,77233.7,1.94193354
1789073280,77229.52,77229.52,77201.53,77206.5,0.71474115
1789073340,77208.82,77228.33,77208.81,77228.33,0.4304921
1789073400,77228.33,77228.33,77228.32,77228.33,0.0320587
1789073460,77228.33,77245.73,77228.32,77237.47,0.54977117
1789073520,77232.78,77256.69,77232.78,77239.97,0.50439972
1789073580,77250.07,77255.09,77250.06,77255.09,0.33883202
1789073640,77255.08,77277.56,77255.08,77271.82,1.97789791
1789073700,77271.82,77271.82,77271.81,77271.82,0.02428364
1789073760,77271.81,77275.2,77265.68,77275.2,0.44866783
1789073820,77275.2,77275.2,77265.71,77265.71,0.16780363
1789073880,77265.71,77275.19,77257.91,77257.91,0.87469496
1789073940,77247.95,77247.96,77244.17,77244.18,0.38055922
1789074000,77244.18,77256.0,77244.18,77256.0,0.0317008
1789074060,77256.0,77256.0,77235.0,77242.4,0.14894986
1789074120,77236.01,77275.23,77235.01,77237.22,13.58126754
1789074180,77235.01,77235.01,77219.08,77219.08,2.38839206
1789074240,77219.09,77219.09,77219.08,77219.08,0.00130566
1789074300,77219.09,77230.43,77207.81,77230.43,1.42519666
1789074360,77230.42,77235.88,77230.42,77235.87,0.18566555
1789074420,77235.87,77235.88,77197.61,77197.62,1.27976776
1789074480,77197.61,77234.61,77197.61,77234.61,1.47715376
1789074540,77234.6,77249.69,77234.6,77249.69,0.0262572
1789074600,77249.68,77269.93,77249.68,77269.93,0.37999859
1789074660,77269.93,77269.93,77264.66,77264.66,0.30834722
1789074720,77264.67,77266.97,77264.67,77266.97,0.07622533
1789074780,77266.96,77266.97,77238.16,77238.16,0.2282732
1789074840,77229.3,77229.31,77229.3,77229.3,0.00512415
1789074900,77229.3,77229.31,77212.32,77212.33,0.16259777
1789074960,77212.33,77216.9,77212.32,77216.9,0.66781999
1789075020,77216.9,77216.9,77202.6,77202.6,0.05135217
1789075080,77202.6,77202.6,77184.09,77184.09,0.03038564
1789075140,77184.1,77184.1,77184.1,77184.1,0.00019627
1789075200,77184.1,77184.1,77184.09,77184.09,0.23493086
1789075260,77184.1,77190.16,77168.92,77178.65,0.1759939
1789075320,77178.65,77178.66,77178.65,77178.66,0.00013089
1789075380,77178.65,77200.1,77178.65,77180.72,1.13551757
1789075440,77186.36,77191.92,77186.36,77191.92,0.0372729
1789075500,77190.33,77191.92,77172.84,77191.92,0.37584457
1789075560,77191.92,77191.92,77180.9,77191.92,0.09210962
1789075620,77191.92,77191.92,77191.91,77191.91,1.79311522
1789075680,77191.91,77197.55,77191.91,77197.55,0.06905859
1789075740,77197.55,77197.55,77197.54,77197.55,0.02562768
1789075800,77197.55,77203.23,77197.55,77201.94,0.74975862
1789075860,77201.93,77201.93,77186.51,77186.52,0.24766386
1789075920,77186.51,77186.52,77186.51,77186.51,0.0063593
1789075980,77186.52,77186.52,77178.95,77178.95,0.03742998
1789076040,77178.95,77201.94,77178.95,77201.94,0.09002416
1789076100,77201.94,77201.94,77178.97,77178.97,0.02248977
1789076160,77178.97,77178.97,77167.38,77167.38,0.12630499
1789076220,77167.39,77167.39,77167.38,77167.39,0.03147595
1789076280,77171.74,77178.97,77153.6,77153.61,0.69349627
1789076340,77153.61,77158.35,77153.6,77158.35,0.059241
1789076400,77158.34,77161.91,77156.11,77158.27,0.44580514
1789076460,77163.75,77177.47,77158.82,77158.82,0.8336417
1789076520,77158.81,77158.82,77155.0,77155.0,0.0118178
1789076580,77155.0,77155.0,77083.77,77115.66,0.8271558
1789076640,77119.24,77133.0,77109.67,77131.47,0.21201055
1789076700,77131.48,77131.48,77119.87,77124.63,0.09798351
1789076760,77124.62,77148.73,77124.62,77148.73,0.89296649
1789076820,77158.79,77170.65,77158.79,77167.63,0.02609195
1789076880,77167.63,77167.63,77156.74,77156.75,0.52788023
1789076940,77156.75,77156.75,77137.3,77142.72,0.28219232
1789077000,77129.52,77150.23,77129.52,77149.67,0.16723851
1789077060,77149.67,77149.67,77149.66,77149.66,0.01352246
1789077120,77149.66,77149.67,77133.48,77133.48,0.10382687
1789077180,77132.43,77146.89,77127.89,77140.99,0.29804679
1789077240,77140.99,77140.99,77128.54,77128.54,0.0442821
1789077300,77127.84,77127.84,77125.72,77125.73,0.00169327
1789077360,77125.73,77128.38,77119.32,77119.32,0.08934953
1789077420,77107.4,77127.72,77107.4,77127.72,0.39569339
1789077480,77127.71,77127.72,77108.71,77108.71,0.3848518
1789077540,77108.47,77114.56,77108.47,77114.56,0.23370523
1789077600,77122.53,77122.53,77078.79,77079.61,0.04231704
1789077660,77079.61,77105.66,77079.6,77105.63,1.5108957
1789077720,77105.63,77105.64,77071.01,77071.01,0.57928423
1789077780,77066.0,77112.26,77066.0,77109.52,0.14792665
1789077840,77109.52,77126.89,77109.52,77126.89,0.24667885
1789077900,77126.88,77126.88,77103.57,77103.57,0.00892426
1789077960,77103.57,77103.57,77094.44,77098.33,0.05804254
1789078020,77098.33,77104.14,77083.77,77104.14,0.88857424
1789078080,77104.14,77138.33,77104.14,77138.33,0.39606151
1789078140,77149.01,77149.02,77149.01,77149.01,0.00227054
1789078200,77149.01,77167.37,77149.01,77167.36,0.53872255
1789078260,77167.36,77167.36,77160.82,77160.82,1.43435825
1789078320,77156.03,77156.03,77123.29,77123.29,0.08646197
1789078380,77120.96,77120.96,77087.43,77087.43,0.10082533
1789078440,77084.8,77123.14,77077.89,77123.05,2.83662989
1789078500,77118.5,77145.1,77116.12,77137.77,0.19616669
1789078560,77137.76,77163.89,77137.76,77163.89,0.46798387
1789078620,77163.89,77180.95,77163.89,77180.94,3.03469318
1789078680,77179.5,77179.5,77167.37,77167.37,0.00054114
1789078740,77167.37,77176.45,77167.37,77168.49,0.09072719
1789078800,77165.0,77167.0,77158.62,77167.0,0.08254197
1789078860,77167.0,77194.42,77166.99,77192.04,0.09287985
1789078920,77192.04,77192.04,77150.23,77150.24,0.12761317
1789078980,77150.23,77150.24,77137.84,77137.84,0.00160029
1789079040,77137.85,77137.85,77127.85,77137.85,0.40510874
1789079100,77137.85,77137.85,77116.62,77125.75,0.01442324
1789079160,77125.76,77125.76,77119.67,77119.67,0.16173122
1789079220,77119.68,77119.68,77115.48,77115.49,0.1686025
1789079280,77115.48,77115.48,77092.44,77092.44,1.40337072
1789079340,77092.45,77092.45,77054.59,77054.62,2.26260777
1789079400,77054.62,77062.86,77051.51,77051.51,0.20244595
1789079460,77051.51,77062.34,77051.51,77051.51,0.90139452
1789079520,77045.72,77045.72,77000.0,77000.0,4.28694708
1789079580,77000.01,77004.4,76959.11,76976.48,3.61534983
1789079640,76978.15,76979.83,76963.09,76965.62,0.0436123
1789079700,76965.62,76983.47,76965.62,76983.47,0.16999008
1789079760,76981.32,76981.32,76940.64,76940.64,3.50399466
1789079820,76940.64,76940.64,76914.31,76914.31,0.76524743
1789079880,76914.32,76914.32,76848.38,76865.78,6.16835114
1789079940,76866.83,76895.68,76863.8,76895.67,0.12242455
1789080000,76895.68,76895.68,76848.38,76848.38,0.13092375
1789080060,76848.39,76848.39,76844.15,76844.72,0.49130245
1789080120,76844.73,76844.74,76813.85,76841.64,2.27564183
1789080180,76844.39,76844.39,76835.86,76839.2,0.33832402
1789080240,76839.2,76839.2,76830.7,76830.73,0.26553685
1789080300,76830.72,76852.94,76817.0,76852.94,1.36631869
1789080360,76860.72,76888.09,76860.72,76888.09,0.28688568
1789080420,76899.28,76932.92,76899.28,76932.92,0.01079336
1789080480,76932.86,76932.86,76919.81,76929.61,0.01127756
1789080540,76929.61,76947.66,76929.61,76947.66,0.78729123
1789080600,76939.73,76939.73,76931.17,76931.17,0.0668452
1789080660,76931.17,76931.17,76905.17,76912.01,0.106174
1789080720,76912.01,76921.82,76882.55,76882.55,0.04124791
1789080780,76882.55,76897.45,76882.55,76887.1,0.06745122
1789080840,76887.1,76890.34,76886.49,76888.28,0.06737026
1789080900,76888.28,76888.28,76838.95,76847.67,0.91758267
1789080960,76847.66,76861.6,76847.27,76847.27,0.47890886
1789081020,76847.27,76847.28,76841.94,76847.19,0.06221381
1789081080,76847.19,76847.19,76817.47,76834.31,2.66158057
1789081140,76819.06,76819.06,76800.01,76815.94,1.63927719
1789081200,76815.94,76832.13,76815.94,76829.78,0.0981563
1789081260,76832.13,76841.83,76822.51,76822.51,0.3297658
1789081320,76822.52,76840.92,76813.36,76840.92,1.20718537
1789081380,76840.91,76840.92,76793.07,76793.07,0.65839456
1789081440,76784.6,76784.6,76676.0,76748.0,8.08629984
1789081500,76754.95,76846.35,76754.95,76842.13,2.42713703
1789081560,76844.4,76844.4,76767.17,76797.73,1.13083205
1789081620,76797.74,76797.74,76725.45,76725.45,0.482543
1789081680,76716.66,76730.83,76572.24,76603.0,12.98387671
1789081740,76611.67,76695.9,76611.67,76686.72,1.76464824
1789081800,76676.71,76692.58,76661.59,76685.0,0.46303774
1789081860,76676.71,76740.94,76652.75,76678.7,3.01515073
1789081920,76684.25,76744.06,76684.24,76744.05,0.10962955
1789081980,76734.64,76734.65,76647.38,76652.0,0.98268299
1789082040,76652.0,76652.0,76500.0,76500.7,11.23998602
1789082100,76500.0,76650.24,76452.89,76641.69,7.20357981
1789082160,76642.17,76642.17,76507.05,76600.41,0.60164132
1789082220,76605.3,76667.36,76605.3,76667.36,0.43827471
1789082280,76676.57,76676.57,76613.78,76613.78,0.77338326
1789082340,76613.78,76634.32,76609.43,76632.37,0.71287095
1789082400,76637.7,76740.69,76637.7,76740.69,0.8192696
1789082460,76740.74,76743.72,76700.01,76715.94,0.36566233
1789082520,76715.94,76720.26,76700.01,76718.36,0.0671999
1789082580,76711.08,76719.2,76690.74,76690.74,1.43609228
1789082640,76686.73,76688.13,76666.39,76688.13,0.16504051
1789082700,76680.41,76713.85,76680.41,76713.83,0.55755116
1789082760,76701.33,76706.0,76689.5,76705.97,0.16533881
1789082820,76705.98,76747.5,76705.98,76747.12,0.22252872
1789082880,76746.42,76746.42,76724.65,76744.58,0.01984097
1789082940,76744.58,76762.04,76707.61,76708.08,0.87049679
1789083000,76719.06,76750.24,76719.06,76750.24,0.89913044
1789083060,76750.23,76754.71,76732.85,76733.34,0.19868018
1789083120,76731.97,76732.01,76690.01,76727.28,0.30178015
1789083180,76723.45,76762.34,76723.45,76762.34,0.42921283
1789083240,76762.35,76762.36,76739.07,76741.38,0.95171671
1789083300,76741.38,76741.38,76715.23,76731.29,0.20210214
1789083360,76731.41,76749.52,76729.84,76737.81,0.60045136
1789083420,76745.47,76774.64,76745.47,76752.0,8.97221596
1789083480,76752.01,76759.46,76732.29,76754.47,1.84008614
1789083540,76754.46,76763.31,76743.09,76744.58,1.15822111
1789083600,76729.09,76729.09,76723.8,76723.8,0.17422548
1789083660,76714.49,76725.52,76692.16,76692.16,0.70827344
1789083720,76692.17,76721.59,76692.17,76721.59,0.39872711
1789083780,76729.89,76767.56,76724.95,76724.95,0.27102565
1789083840,76724.96,76756.1,76717.25,76747.62,0.32605248
1789083900,76747.62,76747.62,76723.53,76747.16,0.30263942
1789083960,76737.17,76749.69,76731.72,76749.69,0.39454465
1789084020,76745.32,76745.33,76726.69,76730.0,0.55020822
1789084080,76730.0,76737.02,76715.92,76715.92,0.09851549
1789084140,76715.92,76715.92,76690.0,76691.26,0.15706948
1789084200,76686.92,76716.37,76686.92,76711.64,0.23037996
1789084260,76709.87,76715.81,76690.62,76707.87,1.03704908
1789084320,76686.74,76686.74,76661.97,76661.97,0.04341123
1789084380,76664.51,76682.38,76660.91,76660.91,0.25198557
1789084440,76655.77,76677.68,76602.96,76619.97,1.28199107
1789084500,76620.53,76628.06,76572.25,76580.33,1.82854263
1789084560,76580.34,76629.86,76563.05,76629.86,1.02308588
1789084620,76629.86,76629.86,76600.04,76604.26,0.76592733
1789084680,76600.88,76600.88,76520.99,76526.4,29.9554836
1789084740,76544.5,76544.5,76471.23,76528.75,12.46479316
1789084800,76528.6,76611.48,76521.28,76611.48,1.10742579
1789084860,76611.48,76611.48,76516.02,76589.2,9.39213176
1789084920,76592.33,76627.35,76550.92,76626.36,3.85715875
1789084980,76631.42,76667.98,76628.54,76667.98,0.61728501
1789085040,76661.4,76671.09,76619.76,76620.33,0.21859075
1789085100,76620.33,76620.33,76549.79,76610.23,5.3289641
1789085160,76610.22,76668.83,76610.22,76668.11,0.65601575
1789085220,76668.1,76726.22,76668.1,76724.54,0.91768019
1789085280,76732.42,76774.63,76725.04,76737.04,18.16985134
1789085340,76737.04,76767.43,76737.04,76755.11,0.56128289
1789085400,76755.11,76802.28,76755.11,76767.9,4.58906024
1789085460,76764.92,76791.05,76761.12,76778.12,0.7257488
1789085520,76778.11,76810.88,76773.12,76805.07,2.53461865
1789085580,76805.07,76814.63,76788.04,76794.07,1.22908209
1789085640,76796.48,76796.48,76771.02,76781.06,0.48689606
1789085700,76781.05,76797.83,76775.15,76775.15,0.43422497
1789085760,76775.15,76775.52,76762.15,76762.15,0.31838014
1789085820,76774.82,76795.76,76750.89,76750.89,7.83453839
1789085880,76782.41,76782.41,76744.48,76753.59,0.6163379
1789085940,76753.59,76785.28,76753.34,76785.28,0.42026278
1789086000,76781.69,76788.29,76739.82,76743.91,0.18987183
1789086060,76743.9,76781.33,76743.9,76777.98,0.22654159
1789086120,76777.97,76808.75,76777.97,76791.61,0.91152292
1789086180,76793.96,76829.94,76793.95,76829.94,1.52829647
1789086240,76829.94,76829.94,76816.45,76816.45,0.2255348
1789086300,76807.99,76807.99,76783.45,76783.46,0.59946206
1789086360,76783.46,76805.39,76783.45,76805.38,0.50185886
1789086420,76805.39,76834.85,76805.39,76826.72,0.20465111
1789086480,76826.72,76826.72,76760.65,76768.23,1.33594625
1789086540,76772.66,76808.0,76769.98,76808.0,4.31527688
1789086600,76808.0,76808.0,76765.37,76765.37,0.04996502
1789086660,76753.84,76753.84,76666.01,76666.01,0.53627044
1789086720,76666.01,76704.27,76660.01,76702.32,1.87045835
1789086780,76702.33,76739.22,76680.91,76680.91,0.68765621
1789086840,76680.91,76781.18,76680.91,76773.6,2.38041713
1789086900,76764.12,76772.81,76739.27,76772.81,0.6799768
1789086960,76772.81,76799.94,76772.8,76798.58,0.79668518
1789087020,76789.5,76803.16,76753.01,76754.83,1.75864984
1789087080,76754.83,76783.55,76741.2,76783.55,3.33723053
1789087140,76790.87,76790.87,76768.09,76768.09,0.4838947
1789087200,76768.08,76768.08,76744.97,76744.97,0.03633742
1789087260,76744.97,76744.97,76701.29,76711.2,1.69235255
1789087320,76702.25,76732.17,76702.25,76719.02,1.76920634
1789087380,76714.2,76742.11,76704.0,76742.11,1.00798188
1789087440,76742.12,76742.12,76732.61,76732.86,0.12503235
1789087500,76732.86,76754.81,76729.2,76749.62,0.04741973
1789087560,76749.62,76767.0,76749.62,76751.29,0.14399381
1789087620,76748.72,76748.72,76711.87,76722.54,0.33748441
1789087680,76722.54,76735.78,76722.54,76735.78,0.08385545
1789087740,76749.36,76759.17,76746.4,76752.27,0.45412912
1789087800,76738.75,76796.99,76738.75,76796.99,0.10872747
1789087860,76796.98,76806.77,76792.25,76792.25,1.08486076
1789087920,76792.25,76800.82,76786.39,76786.39,0.1132611
1789087980,76778.13,76823.0,76777.89,76823.0,1.51304976
1789088040,76822.54,76869.91,76822.54,76863.73,2.51872566
1789088100,76863.72,76894.5,76863.72,76883.77,1.30717755
1789088160,76883.78,76883.78,76866.56,76883.78,0.06251915
1789088220,76889.47,76890.46,76867.17,76867.17,0.18738978
1789088280,76879.19,76879.19,76852.27,76852.28,0.16934818
1789088340,76852.27,76880.16,76852.27,76880.15,0.06536963
1789088400,76880.15,76891.0,76859.15,76891.0,0.12683399
1789088460,76891.0,76920.06,76891.0,76920.06,2.47446896
1789088520,76920.05,76949.88,76896.65,76943.16,11.22649715
1789088580,76943.17,76959.11,76941.06,76959.11,2.01045623
1789088640,76964.36,76964.37,76948.13,76961.42,0.60602831
1789088700,76966.95,76966.95,76913.37,76913.37,0.0035801
1789088760,76913.37,76916.67,76902.88,76916.67,2.5916385
1789088820,76919.55,76943.87,76919.55,76931.01,0.67677257
1789088880,76929.81,76933.78,76926.01,76926.99,0.16458783
1789088940,76918.25,76936.35,76918.25,76936.35,1.50395271
1789089000,76944.02,76953.0,76923.12,76929.19,1.44513566
1789089060,76929.2,76939.84,76929.2,76939.83,0.81195407
1789089120,76939.83,76943.34,76928.78,76928.79,0.29622211
1789089180,76928.79,76938.4,76914.0,76914.0,2.18936005
1789089240,76902.04,76904.86,76869.91,76869.93,1.79140433
1789089300,76873.59,76873.59,76808.44,76832.6,2.25180632
1789089360,76829.66,76873.69,76829.66,76849.17,0.18211582
1789089420,76854.32,76873.84,76854.32,76873.83,0.08958005
1789089480,76873.84,76873.84,76847.09,76859.7,0.12611602
1789089540,76850.21,76867.67,76846.69,76867.67,0.12277039
1789089600,76872.52,76920.0,76872.52,76920.0,0.25291427
1789089660,76919.99,76920.0,76796.33,76797.21,2.24236572
1789089720,76787.51,76787.51,76766.08,76766.08,0.57962129
1789089780,76766.08,76775.09,76764.29,76768.53,0.16906195
1789089840,76773.43,76850.01,76773.43,76843.54,0.56782037
1789089900,76843.54,76878.63,76843.54,76878.63,0.07930785
1789089960,76877.12,76877.12,76815.42,76818.97,0.38600611
1789090020,76821.75,76821.75,76799.15,76807.56,0.45494565
1789090080,76807.55,76807.56,76778.41,76778.42,0.06455715
1789090140,76778.42,76790.1,76778.42,76783.72,0.0660462
1789090200,76779.29,76783.72,76768.19,76768.19,0.09950727
1789090260,76753.85,76753.85,76736.56,76736.56,0.5592487
1789090320,76736.55,76736.56,76692.57,76692.57,1.34435329
1789090380,76692.58,76717.74,76677.17,76677.17,15.89294523
1789090440,76673.38,76714.14,76654.97,76714.14,5.58095216
1789090500,76726.5,76845.47,76726.5,76845.47,0.7306192
1789090560,76868.96,76887.33,76797.89,76806.12,2.65121198
1789090620,76815.26,76838.01,76773.62,76773.62,0.0443542
1789090680,76773.63,76773.63,76754.3,76754.3,1.32127793
1789090740,76754.3,76754.3,76720.29,76747.18,0.43581165
1789090800,76746.42,76746.42,76719.02,76719.02,0.0609379
1789090860,76712.63,76712.64,76673.15,76674.26,0.19212012
1789090920,76685.6,76745.21,76682.05,76745.21,1.35015542
1789090980,76754.14,76834.69,76754.14,76830.6,1.93051014
1789091040,76820.55,76843.4,76803.05,76843.4,0.20078561
1789091100,76867.95,76867.95,76820.67,76820.67,0.13076611
1789091160,76808.15,76808.15,76783.44,76786.21,0.08993363
1789091220,76793.8,76802.61,76775.22,76800.32,0.45791948
1789091280,76806.7,76860.74,76806.7,76860.74,0.61104591
1789091340,76857.33,76870.91,76857.33,76870.89,0.02894114
1789091400,76870.9,76870.91,76860.34,76870.91,0.05168205
1789091460,76870.9,76897.69,76870.9,76876.2,0.34516204
1789091520,76876.21,76888.22,76876.21,76888.22,0.33449653
1789091580,76891.5,76900.81,76891.5,76900.81,0.1189619
1789091640,76903.03,76931.41,76899.77,76931.4,0.35835119
1789091700,76931.4,76931.41,76914.68,76922.15,0.0019485
1789091760,76930.43,76931.41,76921.81,76931.41,1.66053289
1789091820,76931.41,76931.41,76912.14,76924.96,0.19433558
1789091880,76924.96,76931.41,76924.96,76931.39,0.89497175
1789091940,76931.4,76931.41,76931.4,76931.4,1.49281154
1789092000,76931.41,76949.88,76931.4,76933.0,13.47587669
1789092060,76909.85,76909.85,76893.86,76905.4,0.12414529
1789092120,76908.33,76915.88,76895.17,76895.18,0.36564256
1789092180,76895.18,76895.18,76891.27,76891.27,0.00026272
1789092240,76891.27,76936.11,76891.27,76936.11,0.09695727
1789092300,76947.68,76969.78,76947.68,76962.4,2.4473508
1789092360,76945.0,76945.0,76907.35,76907.36,0.08126389
1789092420,76905.85,76905.85,76868.33,76868.34,0.45228204
1789092480,76869.22,76918.04,76869.22,76918.04,0.07337715
1789092540,76917.17,76917.17,76891.3,76891.31,0.14510494
1789092600,76891.31,76891.31,76874.46,76886.79,0.05603314
1789092660,76886.79,76912.71,76886.79,76887.35,0.29803691
1789092720,76887.35,76904.6,76887.35,76898.36,0.84306887
1789092780,76898.37,76951.58,76898.36,76951.57,0.73549346
1789092840,76949.83,76951.23,76946.36,76949.89,0.0129069
1789092900,76949.88,76949.88,76897.12,76897.84,1.27066186
1789092960,76883.84,76902.28,76883.84,76902.28,0.0275067
1789093020,76909.87,76924.23,76883.46,76883.46,0.03820621
1789093080,76863.55,76863.56,76856.16,76859.92,0.04142662
1789093140,76850.0,76861.82,76850.0,76861.82,0.11712198
1789093200,76850.0,76876.78,76848.24,76863.57,0.3042045
1789093260,76862.6,76884.95,76861.56,76861.56,0.03711948
1789093320,76861.55,76884.41,76861.55,76883.7,0.30710858
1789093380,76871.45,76871.46,76848.22,76848.22,0.00019711
1789093440,76848.23,76848.23,76821.67,76821.67,1.09600393
1789093500,76821.67,76821.67,76792.92,76792.92,0.2640041
1789093560,76787.1,76796.1,76741.45,76749.86,1.16696442
1789093620,76756.65,76759.73,76738.98,76755.14,0.38583045
1789093680,76769.77,76794.98,76769.77,76794.98,0.16490705
1789093740,76790.99,76790.99,76778.17,76778.17,0.00013156
1789093800,76776.34,76778.17,76762.55,76777.19,0.08431893
1789093860,76777.19,76777.19,76768.92,76769.18,0.01395424
1789093920,76758.86,76773.78,76758.86,76771.55,0.04296689
1789093980,76770.18,76770.18,76757.76,76757.76,0.01928808
1789094040,76757.77,76764.18,76745.13,76764.18,0.08046352
1789094100,76760.7,76760.7,76745.67,76759.31,0.14254363
1789094160,76767.81,76808.83,76767.8,76808.83,0.79679778
1789094220,76808.83,76866.99,76808.83,76866.99,0.48624519
1789094280,76857.92,76886.38,76857.92,76886.38,0.63129432
1789094340,76884.53,76886.94,76878.7,76886.36,0.2839049
1789094400,76880.58,76881.25,76866.82,76866.82,0.17302305
1789094460,76860.6,76868.69,76860.6,76868.69,0.04893028
1789094520,76867.81,76896.12,76867.81,76872.28,0.18951204
1789094580,76872.28,76872.29,76851.9,76851.91,0.06489157
1789094640,76837.55,76837.55,76837.38,76837.39,0.03217814
1789094700,76837.53,76874.79,76837.53,76861.02,0.4628869
1789094760,76843.22,76848.94,76842.93,76845.46,0.04852472
1789094820,76848.95,76864.54,76819.69,76864.54,0.32466764
1789094880,76864.54,76891.8,76858.13,76891.8,0.03077596
1789094940,76891.79,76891.79,76888.23,76888.23,0.37182984
1789095000,76888.23,76891.8,76872.73,76872.73,0.0349604
1789095060,76880.98,76886.54,76880.98,76882.78,0.31066834
1789095120,76882.77,76886.53,76874.81,76874.81,0.00429834
1789095180,76860.95,76863.31,76830.0,76834.41,1.44612726
1789095240,76822.7,76827.26,76771.36,76827.25,0.23028471
1789095300,76821.32,76833.31,76811.68,76833.31,0.17787558
1789095360,76842.36,76855.42,76842.36,76846.89,0.25997055
1789095420,76846.88,76846.88,76807.43,76807.44,0.55262403
1789095480,76807.43,76807.44,76807.43,76807.44,0.33664517
1789095540,76807.43,76807.44,76807.43,76807.44,0.3905559
1789095600,76807.43,76817.56,76800.01,76817.56,0.46564131
1789095660,76822.88,76822.89,76809.13,76810.0,0.03810677
1789095720,76818.62,76830.84,76818.62,76830.84,0.04176229
1789095780,76827.05,76827.05,76825.66,76825.66,1.02781946
1789095840,76806.81,76806.81,76778.3,76778.31,1.46164242
1789095900,76770.76,76770.76,76714.2,76714.2,5.70944231
1789095960,76713.0,76713.0,76686.73,76690.85,16.08307672
1789096020,76690.86,76690.86,76682.58,76686.19,1.03683469
1789096080,76687.11,76687.11,76680.0,76680.0,1.56918771
1789096140,76680.0,76687.11,76673.38,76684.94,0.30539927
1789096200,76684.28,76729.55,76684.28,76710.18,4.05953961
1789096260,76709.16,76709.16,76687.38,76687.38,0.13052531
1789096320,76686.94,76707.92,76673.38,76706.94,3.17749219
1789096380,76707.93,76841.97,76707.93,76841.97,3.05240477
1789096440,76843.5,76846.31,76836.18,76846.3,0.02734734
1789096500,76846.31,76854.73,76804.17,76804.17,0.17998326
1789096560,76776.85,76776.85,76746.56,76750.39,0.62130707
1789096620,76750.39,76778.38,76734.67,76741.99,3.1064954
1789096680,76743.76,76802.73,76743.75,76801.74,0.22347641
1789096740,76801.75,76807.67,76793.38,76799.57,1.02414188
1789096800,76799.56,76810.68,76799.56,76809.51,0.19033437
1789096860,76809.52,76809.52,76749.75,76749.75,0.53901489
1789096920,76745.92,76771.33,76734.67,76761.55,4.62772082
1789096980,76756.84,76756.84,76734.67,76734.67,0.00323363
1789097040,76734.68,76742.53,76734.68,76742.52,0.74454395
1789097100,76742.52,76742.52,76735.0,76735.01,0.00806784
1789097160,76735.01,76742.29,76722.99,76742.29,1.56151604
1789097220,76742.28,76762.57,76742.28,76762.57,0.4654327
1789097280,76762.56,76793.78,76762.56,76778.02,0.16365233
1789097340,76775.53,76782.59,76775.53,76782.58,0.01314009
1789097400,76778.55,76778.8,76752.18,76752.18,1.31174499
1789097460,76732.62,76732.62,76731.03,76731.03,0.05990537
1789097520,76730.71,76730.72,76706.51,76713.55,0.06659745
1789097580,76706.7,76706.7,76673.39,76678.53,0.13334366
1789097640,76682.77,76723.97,76682.76,76723.97,0.88901219
1789097700,76737.53,76737.53,76723.97,76724.09,0.18951244
1789097760,76718.25,76757.24,76718.25,76757.24,0.0884926
1789097820,76770.64,76798.73,76770.64,76784.44,0.16073285
1789097880,76784.44,76847.11,76784.44,76843.97,0.78752131
1789097940,76844.0,76844.0,76823.7,76823.7,1.15380173
1789098000,76833.66,76844.0,76833.66,76844.0,0.03598073
1789098060,76843.99,76858.21,76843.99,76845.16,1.61057061
1789098120,76845.16,76861.5,76823.66,76852.75,0.81517275
1789098180,76846.85,76846.85,76793.12,76830.82,2.85683512
1789098240,76820.13,76844.32,76820.13,76844.32,0.47501094
1789098300,76846.73,76846.73,76810.93,76813.02,0.25547338
1789098360,76813.02,76813.03,76812.32,76812.33,0.42245711
1789098420,76812.32,76812.33,76803.86,76803.86,0.0005131
1789098480,76786.49,76799.93,76786.49,76790.38,0.24661833
1789098540,76790.37,76790.38,76773.85,76773.86,0.19185362
1789098600,76772.9,76772.9,76762.62,76767.12,2.0688859
1789098660,76767.13,76785.58,76767.13,76781.95,0.21700505
1789098720,76781.93,76781.93,76752.42,76756.53,0.21551338
1789098780,76756.53,76782.58,76742.04,76782.58,1.02955165
1789098840,76777.04,76788.33,76777.04,76780.34,1.16268751
1789098900,76778.69,76817.1,76758.0,76817.1,0.16881459
1789098960,76812.27,76837.32,76812.27,76836.99,0.85781166
1789099020,76837.0,76837.0,76829.37,76836.56,0.38188356
1789099080,76836.55,76849.23,76836.55,76849.22,0.11834878
1789099140,76852.73,76852.73,76852.72,76852.72,0.1926866
1789099200,76852.73,76871.15,76852.72,76865.6,0.8171515
1789099260,76857.11,76898.72,76857.11,76868.32,0.74643534
1789099320,76868.31,76871.46,76856.41,76856.41,0.19330689
1789099380,76856.42,76879.13,76856.41,76879.13,0.1779825
1789099440,76894.09,76913.11,76894.09,76910.15,0.70318274
1789099500,76910.15,76924.76,76910.15,76924.76,0.1628123
1789099560,76924.77,76949.88,76924.76,76949.88,15.10651956
1789099620,76948.81,76949.88,76929.4,76943.23,1.19936464
1789099680,76943.23,76948.32,76919.85,76926.43,0.20448197
1789099740,76943.31,76943.31,76921.45,76921.45,0.06058613
1789099800,76921.45,76943.31,76921.45,76931.73,0.27752794
1789099860,76928.67,76928.67,76872.19,76906.02,1.59918122
1789099920,76903.4,76913.36,76896.9,76896.9,0.27855938
1789099980,76896.9,76941.5,76896.9,76941.5,0.08260832
1789100040,76941.58,76941.59,76931.98,76931.98,0.52340787
1789100100,76941.59,76941.59,76937.5,76937.51,0.45206698
1789100160,76937.51,76956.33,76937.51,76956.33,0.99582916
1789100220,76958.06,76958.06,76923.35,76927.5,3.64441954
1789100280,76927.5,76942.62,76926.67,76926.67,0.09737893
1789100340,76926.66,76944.17,76926.66,76941.9,0.02644721
1789100400,76941.9,76986.82,76941.9,76986.82,2.56345623
1789100460,76986.82,76986.82,76965.04,76965.04,0.23268942
1789100520,76965.03,77005.29,76965.03,76986.2,7.89259967
1789100580,76986.19,77000.0,76986.19,76999.4,0.22617975
1789100640,76999.4,77023.78,76999.4,77023.78,1.5654139
1789100700,77033.01,77083.75,77033.01,77083.75,4.45187469
1789100760,77079.25,77094.5,77070.57,77094.5,1.85925766
1789100820,77095.0,77149.88,77095.0,77143.86,4.10414408
1789100880,77143.86,77148.91,77126.09,77126.09,0.26104441
1789100940,77125.89,77142.97,77125.88,77136.78,0.36871879
1789101000,77136.79,77153.28,77136.79,77153.28,0.14757889
1789101060,77153.28,77153.28,77137.0,77137.01,0.7388179
1789101120,77142.65,77142.65,77123.25,77123.25,0.10031811
1789101180,77123.26,77123.26,77108.58,77117.19,0.05009706
1789101240,77117.19,77117.19,77114.16,77114.16,0.12787936
1789101300,77110.3,77110.3,77093.89,77097.3,0.85940571
1789101360,77097.3,77107.69,77097.3,77107.67,0.0546984
1789101420,77107.67,77107.68,77080.87,77080.87,0.22894661
1789101480,77080.87,77080.87,77071.49,77077.09,0.01064426
1789101540,77077.08,77079.73,77077.08,77077.11,0.24628234
1789101600,77078.54,77078.55,77078.54,77078.55,0.66878016
1789101660,77078.55,77082.7,77078.54,77082.7,0.08661126
1789101720,77095.3,77101.3,77095.3,77100.48,1.04300686
1789101780,77100.49,77100.49,77057.39,77057.39,0.53852481
1789101840,77064.42,77065.27,77064.42,77065.27,0.00360025
1789101900,77065.27,77077.0,77065.26,77065.27,0.06550602
1789101960,77065.28,77065.28,77065.27,77065.27,0.02963313
1789102020,77065.27,77065.28,77065.27,77065.27,0.22879261
1789102080,77065.27,77076.96,77065.27,77076.95,0.04579168
1789102140,77076.01,77076.01,77070.36,77070.37,0.01780993
1789102200,77070.37,77082.97,77070.37,77082.97,0.10725743
1789102260,77082.96,77094.93,77082.96,77094.92,0.28056078
1789102320,77094.92,77094.93,77094.01,77094.62,0.01665946
1789102380,77094.62,77094.93,77094.61,77094.93,0.00476236
1789102440,77094.93,77094.93,77094.92,77094.93,0.16155687
1789102500,77094.93,77103.86,77094.92,77103.86,0.08462679
1789102560,77103.86,77103.86,77100.73,77103.86,0.18882992
1789102620,77103.85,77112.37,77103.85,77110.74,0.68157335
1789102680,77110.73,77110.73,77091.27,77091.27,0.16689685
1789102740,77092.92,77098.02,77092.92,77095.13,0.14289628
1789102800,77083.31,77084.58,77074.58,77074.59,0.00764591
1789102860,77074.58,77074.58,77064.09,77064.1,0.06940419
1789102920,77064.09,77064.09,77063.0,77063.0,0.04221715
1789102980,77063.0,77063.0,77063.0,77063.0,0.0
1789103040,77053.03,77053.03,77046.22,77046.22,0.00410511
1789103100,77046.23,77051.52,77040.87,77051.52,0.3138344
1789103160,77051.51,77058.3,77051.51,77058.3,0.73159919
1789103220,77058.3,77068.06,77058.3,77061.18,0.40521943
1789103280,77061.17,77061.18,77043.13,77043.81,0.08751344
1789103340,77043.8,77058.23,77043.8,77058.23,0.28952275
1789103400,77058.23,77075.95,77058.22,77075.95,0.44399817
1789103460,77075.94,77100.63,77075.46,77100.63,0.39803739
1789103520,77106.05,77126.49,77073.51,77073.51,2.27447747
1789103580,77073.52,77073.52,77058.09,77058.1,0.0020438
1789103640,77058.1,77111.88,77058.1,77111.81,2.23542682
1789103700,77111.85,77111.86,77111.85,77111.86,0.2822305
1789103760,77092.58,77124.97,77091.11,77120.85,2.34553512
1789103820,77118.81,77118.81,77106.79,77106.79,0.00093232
1789103880,77106.8,77112.04,77106.79,77107.77,0.05312113
1789103940,77107.76,77112.05,77105.68,77105.68,0.1737713
1789104000,77097.27,77098.27,77097.27,77098.26,0.22060885
1789104060,77102.51,77102.52,77074.47,77074.47,3.46511896
1789104120,77074.48,77088.87,77074.47,77088.87,0.14271306
1789104180,77088.87,77090.83,77088.86,77090.83,0.1186816
1789104240,77090.82,77093.41,77090.41,77093.41,0.76658162
1789104300,77097.26,77097.26,77083.02,77083.02,0.01341548
1789104360,77074.66,77074.66,77064.69,77065.68,0.49246575
1789104420,77067.16,77092.83,77058.96,77092.83,2.22452931
1789104480,77092.83,77092.83,77079.71,77079.71,0.11546275
1789104540,77079.71,77080.67,77079.71,77080.67,0.1071612
1789104600,77072.89,77094.74,77068.27,77094.74,0.23799785
1789104660,77094.73,77106.14,77094.73,77106.14,0.30970997
1789104720,77106.13,77106.14,77051.39,77051.39,4.55552198
1789104780,77051.4,77051.4,77051.39,77051.4,0.12663602
1789104840,77051.4,77084.83,77051.4,77084.83,0.24637098
1789104900,77084.84,77110.42,77084.84,77110.42,0.92164762
1789104960,77110.42,77121.35,77110.42,77120.13,0.05141073
1789105020,77120.13,77135.34,77120.13,77135.33,0.12224432
1789105080,77135.34,77135.34,77119.17,77119.17,0.03084602
1789105140,77119.16,77149.83,77119.16,77141.55,2.66500215
1789105200,77141.56,77149.64,77128.79,77149.63,0.15996019
1789105260,77144.14,77149.67,77133.21,77133.22,2.90600991
1789105320,77133.21,77144.15,77133.21,77134.16,0.33365162
1789105380,77134.16,77149.67,77134.16,77149.67,0.15997858
1789105440,77149.66,77153.28,77149.66,77153.28,0.69021948
1789105500,77153.28,77153.28,77134.77,77134.78,0.54202833
1789105560,77134.77,77156.86,77134.77,77156.86,0.18489119
1789105620,77156.86,77164.25,77150.61,77164.25,0.13016745
1789105680,77164.24,77164.25,77158.71,77158.71,0.00107134
1789105740,77157.03,77160.52,77152.73,77160.51,0.14890795
1789105800,77160.51,77167.38,77160.51,77167.38,0.27559528
1789105860,77167.38,77171.8,77167.38,77171.8,0.26999546
1789105920,77171.79,77171.8,77158.72,77158.83,0.54377473
1789105980,77158.71,77159.59,77158.71,77159.58,0.00883869
1789106040,77159.59,77178.4,77159.59,77178.39,1.10977568
1789106100,77178.38,77190.32,77178.38,77190.32,0.64058832
1789106160,77190.32,77190.32,77190.31,77190.32,0.43304207
1789106220,77190.31,77190.32,77190.31,77190.32,0.39721263
1789106280,77190.31,77208.85,77190.31,77208.85,0.71703705
1789106340,77208.84,77218.11,77208.84,77215.46,1.12883468
1789106400,77215.45,77218.11,77195.58,77195.59,0.19748175
1789106460,77195.59,77212.51,77195.59,77212.51,0.05633145
1789106520,77212.51,77212.52,77205.7,77212.52,0.06434613
1789106580,77218.11,77218.11,77213.11,77213.11,0.21308383
1789106640,77210.39,77227.38,77210.39,77227.38,0.12598199
1789106700,77227.37,77227.38,77225.87,77225.87,0.13161605
1789106760,77217.22,77227.38,77217.22,77227.37,1.39405606
1789106820,77227.38,77245.91,77227.37,77245.9,1.01437517
1789106880,77245.91,77245.91,77245.82,77245.91,0.24772216
1789106940,77245.9,77245.91,77243.5,77243.52,0.78361774
1789107000,77243.65,77245.91,77243.65,77245.91,0.06167733
1789107060,77250.83,77255.18,77250.83,77255.18,0.15992303
1789107120,77255.18,77264.45,77251.59,77264.45,0.99111801
1789107180,77264.44,77342.13,77264.44,77342.13,9.80948573
1789107240,77345.8,77386.2,77329.11,77370.78,3.9297352
1789107300,77367.13,77368.79,77343.16,77348.17,0.5043167
1789107360,77348.16,77348.17,77339.4,77348.17,0.665115
1789107420,77348.16,77348.17,77319.98,77319.98,0.03322397
1789107480,77318.01,77318.01,77263.89,77269.82,2.7844069
1789107540,77292.2,77306.92,77287.56,77287.56,0.8634965
1789107600,77287.57,77287.57,77287.56,77287.56,0.01899287
1789107660,77287.56,77287.56,77267.0,77267.0,0.34763073
1789107720,77267.01,77277.08,77264.12,77277.07,0.05606246
1789107780,77277.08,77277.08,77238.02,77238.02,2.35621963
1789107840,77238.03,77238.03,77238.02,77238.02,0.02154184
1789107900,77238.03,77238.03,77232.48,77232.48,0.00484179
1789107960,77232.49,77232.49,77230.52,77230.52,0.00749473
1789108020,77230.51,77239.72,77230.51,77231.5,0.96219617
1789108080,77231.51,77246.18,77225.93,77246.17,1.91161803
1789108140,77246.18,77246.18,77246.17,77246.18,0.09602052
1789108200,77246.18,77246.18,77221.07,77221.08,0.94103643
1789108260,77221.07,77228.66,77221.07,77228.66,0.0453663
1789108320,77229.63,77229.63,77184.33,77184.33,0.16858777
1789108380,77184.32,77184.33,77167.38,77167.38,0.43662209
1789108440,77164.53,77164.53,77150.06,77156.44,0.21287847
1789108500,77156.45,77165.88,77147.73,77165.88,0.44259028
1789108560,77166.48,77178.22,77166.47,77178.22,0.56429745
1789108620,77178.21,77199.69,77178.21,77199.68,0.3127414
1789108680,77199.69,77211.76,77199.68,77211.76,0.2175269
1789108740,77215.28,77220.45,77215.28,77220.44,0.77483734
1789108800,77220.44,77220.44,77202.71,77202.71,0.10204783
1789108860,77202.71,77202.71,77200.96,77200.96,0.0200452
1789108920,77202.72,77206.94,77202.01,77202.02,0.07163722
1789108980,77202.01,77202.01,77193.7,77193.7,1.80676843
1789109040,77193.7,77204.14,77193.7,77204.14,1.01202448
1789109100,77206.94,77216.11,77206.94,77216.1,0.68487081
1789109160,77216.1,77216.11,77216.1,77216.11,0.00019618
1789109220,77216.1,77216.11,77216.1,77216.11,0.17321732
1789109280,77216.11,77232.56,77216.1,77232.56,0.33704553
1789109340,77232.55,77245.8,77232.55,77245.8,0.24146175
1789109400,77254.67,77254.67,77250.43,77253.48,0.28832643
1789109460,77253.48,77263.87,77252.83,77263.87,0.0518474
1789109520,77263.86,77271.13,77263.86,77271.13,0.15474556
1789109580,77266.32,77266.33,77256.69,77256.69,0.13397342
1789109640,77252.85,77252.85,77252.84,77252.84,0.00613224
1789109700,77252.85,77252.85,77250.5,77250.5,0.00622202
1789109760,77250.51,77265.6,77250.5,77265.6,0.25719549
1789109820,77265.61,77265.61,77265.6,77265.6,0.0393735
1789109880,77265.61,77265.61,77265.6,77265.6,0.78505773
1789109940,77265.6,77271.14,77265.6,77271.14,0.34648592
1789110000,77272.71,77272.71,77262.67,77262.67,0.01108119
1789110060,77262.68,77262.68,77262.67,77262.68,0.27232091
1789110120,77262.68,77265.27,77262.67,77265.27,0.14902558
1789110180,77265.27,77265.27,77265.08,77265.08,0.00988473
1789110240,77265.09,77293.71,77265.08,77293.71,1.28316599
1789110300,77293.7,77293.71,77293.7,77293.71,0.0364103
1789110360,77293.7,77312.8,77293.7,77312.8,0.18429859
1789110420,77315.97,77317.1,77307.99,77312.14,0.11046246
1789110480,77314.31,77331.37,77314.31,77331.37,1.20745609
1789110540,77331.36,77340.22,77321.58,77340.21,0.84769389
1789110600,77340.22,77351.75,77340.22,77351.74,0.11165
1789110660,77351.74,77351.75,77334.12,77334.12,0.01377626
1789110720,77334.12,77346.34,77334.12,77346.34,0.24422307
1789110780,77345.38,77351.28,77306.17,77306.61,0.35990659
1789110840,77299.3,77299.3,77288.52,77288.58,0.20434852
1789110900,77288.58,77296.84,77288.58,77296.84,0.27517089
1789110960,77296.84,77303.69,77296.83,77303.68,0.07432704
1789111020,77303.67,77303.68,77303.67,77303.67,0.31533592
1789111080,77303.67,77339.17,77303.67,77339.17,2.66248569
1789111140,77336.06,77336.06,77319.35,77319.35,0.4372544
1789111200,77317.16,77317.16,77311.81,77312.17,0.10823101
1789111260,77311.82,77341.58,77311.82,77326.82,0.95259811
1789111320,77326.83,77326.83,77311.33,77311.33,0.8159626
1789111380,77311.33,77339.73,77311.33,77339.73,0.45810063
1789111440,77339.73,77377.09,77339.73,77342.42,2.19654202
1789111500,77327.98,77327.99,77277.45,77277.45,0.0475966
1789111560,77269.75,77299.96,77269.75,77299.96,0.38835565
1789111620,77299.96,77299.96,77299.95,77299.96,0.27617294
1789111680,77299.95,77309.57,77299.95,77306.0,0.39737457
1789111740,77304.14,77309.33,77301.87,77308.8,0.10585069
1789111800,77308.8,77308.81,77308.8,77308.81,0.02225872
1789111860,77308.81,77308.81,77266.65,77267.13,0.12152081
1789111920,77267.13,77268.08,77267.13,77268.08,0.03677089
1789111980,77268.07,77268.07,77253.93,77253.93,0.03372894
1789112040,77252.52,77316.81,77252.52,77277.91,2.19288665
1789112100,77273.34,77275.83,77266.09,77266.09,0.04011819
1789112160,77266.1,77273.92,77264.99,77273.92,0.28120924
1789112220,77273.92,77273.92,77273.91,77273.91,0.01983084
1789112280,77273.91,77273.91,77255.03,77255.03,0.01204536
1789112340,77252.18,77252.18,77238.35,77238.35,0.14247938
1789112400,77232.75,77241.53,77232.75,77241.53,0.89671466
1789112460,77241.53,77241.53,77241.52,77241.53,0.30847245
1789112520,77241.52,77241.53,77241.52,77241.53,0.14908139
1789112580,77235.5,77239.72,77227.81,77239.72,0.37054254
1789112640,77239.71,77239.72,77239.71,77239.72,0.06292608
1789112700,77239.72,77239.72,77222.0,77222.0,0.00616837
1789112760,77222.0,77225.99,77216.68,77225.99,0.98347752
1789112820,77225.99,77226.0,77225.99,77226.0,0.00805523
1789112880,77226.0,77226.0,77225.99,77225.99,0.00177907
1789112940,77219.06,77219.06,77219.05,77219.05,0.02076482
1789113000,77219.06,77229.09,77219.05,77229.09,0.04818559
1789113060,77229.08,77229.08,77208.27,77208.27,2.11115991
1789113120,77201.66,77201.66,77191.5,77195.38,0.97897921
1789113180,77195.39,77195.39,77192.57,77192.57,0.01384599
1789113240,77192.57,77192.58,77192.57,77192.57,0.04501844
1789113300,77192.57,77192.58,77181.39,77181.39,0.01411715
1789113360,77181.39,77239.33,77181.39,77239.33,1.12977687
1789113420,77235.77,77235.77,77214.85,77214.85,0.09429998
1789113480,77214.85,77214.86,77214.85,77214.85,0.22266864
1789113540,77214.85,77214.85,77202.72,77202.73,0.03774799
1789113600,77202.72,77205.08,77202.72,77205.07,0.06055857
1789113660,77205.07,77219.84,77205.07,77219.84,0.11442118
1789113720,77222.49,77234.35,77212.69,77212.69,0.18889796
1789113780,77212.69,77212.69,77176.82,77176.88,0.12079906
1789113840,77176.89,77176.89,77157.18,77157.18,0.18039103
1789113900,77157.18,77157.19,77140.57,77140.57,0.07482484
1789113960,77140.58,77141.05,77140.57,77141.05,0.23406427
1789114020,77141.05,77141.05,77141.04,77141.05,0.11854426
1789114080,77141.05,77141.05,77125.9,77126.08,0.41926731
1789114140,77134.0,77134.0,77126.45,77126.45,0.00101042
1789114200,77126.44,77128.7,77126.44,77128.7,0.01804903
1789114260,77128.7,77141.05,77125.51,77125.51,4.00608273
1789114320,77125.52,77126.03,77125.51,77126.03,0.12114704
1789114380,77126.67,77152.78,77126.67,77152.78,0.27877748
1789114440,77152.78,77157.8,77152.78,77157.8,0.1013427
1789114500,77157.79,77181.62,77157.79,77181.62,1.25182861
1789114560,77181.61,77185.77,77181.61,77185.77,0.16143057
1789114620,77191.56,77223.04,77191.56,77223.03,0.18037182
1789114680,77223.03,77223.04,77219.14,77219.14,0.86484887
1789114740,77219.14,77219.15,77209.6,77209.61,0.14201429
1789114800,77209.61,77213.49,77209.61,77213.48,0.00308371
1789114860,77213.48,77217.95,77213.48,77217.95,0.01797622
1789114920,77219.15,77229.97,77219.15,77229.97,0.70686418
1789114980,77229.96,77238.54,77229.96,77238.54,0.45229702
1789115040,77245.87,77394.36,77245.87,77386.82,7.8253327
1789115100,77393.65,77422.23,77338.5,77353.31,2.93594035
1789115160,77353.32,77353.32,77309.13,77319.63,2.0008455
1789115220,77314.1,77314.1,77304.15,77304.15,0.17550417
1789115280,77304.14,77338.2,77304.14,77321.91,0.14505509
1789115340,77321.91,77353.52,77321.91,77353.52,0.76941587
1789115400,77353.5,77426.6,77349.03,77426.6,1.09395033
1789115460,77431.51,77456.38,77431.13,77456.38,2.16226927
1789115520,77456.38,77459.39,77422.46,77422.46,0.09425033
1789115580,77417.42,77417.42,77388.26,77388.26,2.19777597
1789115640,77383.53,77385.02,77367.67,77367.67,1.04077308
1789115700,77366.73,77380.97,77349.34,77353.62,0.86042727
1789115760,77356.62,77356.62,77341.32,77341.32,0.06209279
1789115820,77339.84,77339.84,77330.45,77330.46,0.09840445
1789115880,77330.46,77367.83,77330.46,77367.83,0.16373881
1789115940,77367.82,77377.94,77365.39,77365.87,0.42176572
1789116000,77367.46,77372.29,77365.37,77372.29,0.08216346
1789116060,77372.29,77399.92,77372.28,77399.92,0.56937216
1789116120,77399.92,77399.92,77390.56,77393.78,0.54373573
1789116180,77393.79,77393.79,77390.58,77390.59,0.09145059
1789116240,77390.59,77390.59,77390.58,77390.58,0.14353865
1789116300,77390.58,77390.58,77383.56,77383.56,0.41887414
1789116360,77383.56,77387.26,77381.89,77381.89,0.58350985
1789116420,77373.01,77373.01,77363.9,77363.91,0.01414146
1789116480,77363.9,77364.59,77358.7,77358.7,0.15013161
1789116540,77358.69,77358.69,77345.72,77345.72,0.01378352
1789116600,77339.67,77339.67,77309.33,77316.23,0.14914013
1789116660,77317.23,77328.49,77313.18,77328.49,0.09478118
1789116720,77332.99,77335.42,77332.99,77335.42,0.15937694
1789116780,77335.41,77342.0,77335.41,77342.0,0.79711128
1789116840,77344.48,77344.48,77315.63,77315.64,0.12919045
1789116900,77315.64,77315.64,77315.24,77315.25,0.00684311
1789116960,77315.24,77324.34,77315.24,77324.34,0.16473022
1789117020,77324.34,77328.2,77324.33,77328.2,0.22454876
1789117080,77328.19,77328.2,77328.19,77328.2,0.08247019
1789117140,77328.2,77328.2,77328.19,77328.2,0.63264482
1789117200,77328.2,77328.2,77328.19,77328.2,0.42704566
1789117260,77337.65,77337.65,77328.91,77332.73,0.04480401
1789117320,77332.73,77332.74,77329.83,77329.84,0.00669659
1789117380,77329.83,77329.83,77305.23,77312.65,2.19057418
1789117440,77307.97,77307.97,77304.37,77304.37,0.00800755
1789117500,77304.38,77304.38,77303.6,77303.6,0.11134137
1789117560,77298.49,77298.5,77298.49,77298.5,0.00600181
1789117620,77298.49,77298.5,77298.49,77298.5,0.06577712
1789117680,77298.5,77298.5,77264.84,77264.84,1.80254315
1789117740,77264.84,77264.84,77256.74,77256.74,0.59383982
1789117800,77255.18,77255.19,77249.3,77249.3,10.70492294
1789117860,77249.31,77258.73,77249.31,77258.72,0.23617752
1789117920,77258.72,77258.73,77251.44,77251.44,0.09350938
1789117980,77251.44,77271.94,77250.91,77271.94,2.75600687
1789118040,77271.93,77271.93,77259.49,77259.49,0.04911662
1789118100,77259.49,77259.49,77256.52,77256.53,0.04985455
1789118160,77256.52,77263.85,77256.52,77263.84,0.63790407
1789118220,77263.84,77263.85,77263.84,77263.85,0.00233172
1789118280,77263.85,77263.85,77255.08,77255.08,0.01908266
1789118340,77255.08,77256.63,77255.08,77255.09,0.02879786
1789118400,77248.43,77255.73,77248.42,77252.98,0.41087851
1789118460,77252.98,77252.98,77246.0,77246.0,0.01552004
1789118520,77246.0,77246.01,77228.03,77228.03,1.52628017
1789118580,77228.04,77228.04,77218.11,77218.12,2.22985382
1789118640,77218.11,77218.12,77199.58,77199.59,0.71415205
1789118700,77199.58,77199.59,77181.17,77181.17,2.01898537
1789118760,77181.17,77181.17,77171.8,77171.8,0.94269361
1789118820,77171.8,77171.81,77170.61,77170.61,1.38503163
1789118880,77170.61,77170.61,77162.55,77162.55,0.21817061
1789118940,77162.54,77162.54,77128.33,77128.33,2.12107308
1789119000,77126.02,77126.02,77119.2,77120.5,0.60392361
1789119060,77120.51,77120.51,77120.5,77120.51,0.04314761
1789119120,77120.5,77139.97,77120.5,77139.97,0.48699817
1789119180,77139.96,77139.96,77135.69,77135.69,0.01440095
1789119240,77131.1,77131.1,77079.25,77079.25,2.14633923
1789119300,77079.25,77079.25,76996.06,76996.06,7.5166568
1789119360,76996.06,76996.07,76959.11,76959.11,3.11605832
1789119420,76950.42,76950.42,76885.27,76922.65,5.20795494
1789119480,76922.66,76929.05,76922.65,76929.05,0.2010379
1789119540,76929.05,76947.88,76907.68,76907.69,0.36010496
1789119600,76904.82,76904.82,76855.25,76855.25,2.5350245
1789119660,76848.39,76869.94,76848.38,76869.94,0.46311328
1789119720,76872.73,76933.54,76872.73,76929.34,1.43376106
1789119780,76913.86,76931.82,76913.85,76931.82,0.60369457
1789119840,76920.27,76945.46,76920.27,76939.33,1.75510136
1789119900,76939.34,76965.03,76939.34,76965.03,0.44166073
1789119960,76965.02,76967.78,76964.36,76964.37,0.33368779
1789120020,76964.37,76987.71,76964.37,76987.71,0.40679096
1789120080,76987.71,77002.94,76987.71,77002.94,0.43144837
1789120140,77002.93,77002.93,76996.82,76996.83,0.37294566
1789120200,76996.83,76996.83,76975.06,76980.06,0.09718145
1789120260,76989.39,77012.63,76989.39,77012.63,0.48077159
1789120320,77011.68,77016.23,77004.05,77016.23,0.36976653
1789120380,77022.85,77022.86,77018.55,77018.55,0.22103329
1789120440,77012.22,77014.44,76999.52,77009.57,0.44556198
1789120500,76997.05,76997.06,76997.05,76997.06,0.17117498
1789120560,76997.05,77001.59,76989.7,77001.59,0.77287917
1789120620,77006.0,77013.67,77002.39,77013.67,0.16404511
1789120680,77013.67,77033.97,77013.64,77033.97,0.40125953
1789120740,77033.97,77033.97,77022.78,77022.78,0.28964132
1789120800,77015.39,77026.51,77010.66,77026.51,0.15577938
1789120860,77026.51,77045.0,77026.5,77045.0,0.42237965
1789120920,77045.0,77051.51,76960.96,77051.51,9.76654202
1789120980,77051.51,77079.25,77051.51,77079.25,9.59310721
1789121040,77079.25,77125.51,77079.25,77125.51,3.10723831
1789121100,77123.65,77123.65,77075.84,77075.84,4.63011454
1789121160,77075.85,77087.15,77075.85,77087.15,0.56520533
1789121220,77087.15,77088.99,77087.14,77088.99,0.32360568
1789121280,77088.99,77110.66,77088.99,77105.25,1.67858851
1789121340,77105.24,77106.35,77064.51,77064.51,0.94345383
1789121400,77059.67,77084.65,77054.93,77084.18,0.4091307
1789121460,77084.18,77084.18,77061.0,77061.0,0.12875045
1789121520,77061.0,77077.47,77040.56,77040.56,0.30293279
1789121580,77030.0,77030.01,77005.96,77005.96,0.28377449
1789121640,77005.97,77055.2,77005.97,77055.2,0.91107793
1789121700,77055.2,77087.83,77055.2,77087.82,0.280103
1789121760,77080.73,77080.73,77069.88,77069.88,0.01632048
1789121820,77069.89,77080.87,77069.89,77080.86,0.06562404
1789121880,77080.86,77099.51,77080.86,77099.51,0.49245177
1789121940,77099.51,77099.51,77099.5,77099.5,0.20116368
1789122000,77099.5,77099.5,77059.57,77078.94,3.32598686
1789122060,77078.94,77097.47,77078.01,77097.47,2.37832825
1789122120,77105.68,77105.68,77077.34,77087.92,0.04768266
1789122180,77087.91,77087.91,77068.63,77068.64,0.04224291
1789122240,77068.64,77076.93,77063.63,77072.85,0.06379679
1789122300,77072.86,77072.86,77059.15,77063.73,0.22143736
1789122360,77066.93,77066.93,77024.78,77032.78,1.64440847
1789122420,77031.59,77031.59,77011.51,77016.98,0.20258076
1789122480,77016.97,77016.98,77016.97,77016.98,0.32696816
1789122540,77016.97,77016.98,77012.18,77012.19,0.0205935
1789122600,77011.16,77011.17,77009.5,77009.51,0.16139016
1789122660,77009.51,77009.51,77003.99,77003.99,0.14069186
1789122720,77000.7,77000.7,76931.18,76951.91,0.20648432
1789122780,76951.91,76988.74,76951.91,76988.74,0.32466469
1789122840,76988.74,77011.38,76988.74,77007.09,0.30806507
1789122900,77006.66,77015.26,77002.86,77015.25,0.02475401
1789122960,77015.25,77015.26,76972.92,76973.66,0.13513653
1789123020,76973.66,76990.3,76973.66,76984.55,0.33504511
1789123080,76984.55,76993.22,76984.55,76993.22,0.35833837
1789123140,76997.0,77008.09,76997.0,77008.09,0.18607087
1789123200,77008.08,77008.08,76949.97,77001.37,1.46296193
1789123260,77006.14,77006.15,76992.14,76992.14,0.06373911
1789123320,76990.84,76996.79,76984.29,76996.78,0.71833044
1789123380,76996.78,76996.78,76984.42,76984.43,0.37535402
1789123440,76984.43,76984.43,76964.14,76964.64,0.37128622
1789123500,76972.73,76981.07,76972.72,76981.07,0.10034497
1789123560,76981.07,77001.13,76981.07,77001.13,0.48170907
1789123620,77001.11,77001.11,76983.75,76983.75,1.32561808
1789123680,76980.83,76982.85,76980.82,76982.85,0.08705049
1789123740,76982.84,76982.85,76980.87,76980.87,0.01871118
1789123800,76980.87,76980.88,76980.87,76980.88,0.01361213
1789123860,76980.87,77001.13,76980.87,76993.91,1.28626912
1789123920,76995.33,77006.88,76995.33,77006.88,0.03261443
1789123980,77006.88,77006.88,77006.87,77006.88,0.0150099
1789124040,77006.88,77006.88,77000.25,77000.25,0.12121394
1789124100,77000.26,77000.26,77000.25,77000.25,1.17176247
1789124160,77000.25,77007.37,77000.25,77007.33,0.19445075
1789124220,77007.32,77007.33,76999.74,76999.74,0.02987909
1789124280,76999.75,76999.75,76976.91,76976.91,0.01507145
1789124340,76972.6,76991.73,76971.59,76975.55,1.1166345
1789124400,76967.4,76967.4,76958.7,76958.7,0.65922024
1789124460,76958.69,76958.69,76926.69,76927.4,0.13667064
1789124520,76930.56,76930.56,76903.72,76903.72,11.18587599
1789124580,76903.73,76903.73,76885.82,76885.82,2.70192936
1789124640,76889.63,76889.63,76857.6,76863.38,1.76594509
1789124700,76860.81,76875.4,76860.81,76872.17,2.1443256
1789124760,76872.18,76889.62,76830.61,76853.3,2.29217756
1789124820,76830.62,76830.62,76784.36,76797.02,2.95495302
1789124880,76794.84,76794.84,76775.01,76775.01,0.53832883
1789124940,76775.02,76775.02,76753.84,76774.67,1.28354911
1789125000,76764.25,76790.29,76729.27,76790.29,3.33288383
1789125060,76794.84,76794.84,76738.23,76738.23,0.58927619
1789125120,76742.82,76772.99,76742.82,76769.67,0.17515553
1789125180,76765.57,76807.65,76759.65,76796.15,2.65260285
1789125240,76796.14,76796.15,76764.75,76764.75,0.19099795
1789125300,76760.02,76785.48,76720.04,76785.48,2.79302275
1789125360,76778.19,76778.19,76742.6,76752.87,0.50788168
1789125420,76759.42,76784.68,76759.41,76779.47,0.07916666
1789125480,76779.48,76792.45,76779.48,76781.34,0.73322148
1789125540,76781.33,76791.8,76767.86,76791.8,0.05858796
1789125600,76791.8,76791.8,76779.02,76779.02,1.20615877
1789125660,76769.03,76774.11,76769.03,76774.11,0.15648527
1789125720,76778.35,76784.53,76750.96,76767.88,0.10999311
1789125780,76767.88,76788.31,76767.88,76788.31,0.11672424
1789125840,76796.29,76805.4,76793.73,76793.73,0.0492594
1789125900,76793.73,76878.63,76793.73,76867.64,0.28759333
1789125960,76863.45,76877.07,76863.45,76867.09,0.07780786
1789126020,76866.99,76866.99,76841.47,76846.65,0.54279604
1789126080,76846.49,76855.43,76822.5,76822.51,0.14254648
1789126140,76819.89,76819.9,76818.85,76818.86,0.01078634
1789126200,76818.85,76822.51,76808.57,76814.26,1.29311809
1789126260,76814.27,76814.27,76814.26,76814.27,0.00207563
1789126320,76803.43,76803.44,76792.61,76792.61,1.37058344
1789126380,76792.62,76820.46,76792.62,76810.76,1.1355959
1789126440,76810.75,76810.75,76774.05,76774.05,0.84430462
1789126500,76760.99,76776.07,76760.99,76776.07,0.71273789
1789126560,76776.07,76792.84,76776.06,76780.09,0.77653258
1789126620,76788.54,76836.32,76781.73,76836.32,1.84087974
1789126680,76836.72,76838.38,76834.09,76834.09,0.18336967
1789126740,76832.86,76832.86,76808.37,76808.38,0.18340725
1789126800,76808.38,76844.93,76805.43,76844.92,0.49497592
1789126860,76854.81,76868.72,76854.45,76868.72,0.09222403
1789126920,76868.71,76868.72,76855.35,76855.35,0.05087942
1789126980,76855.34,76867.48,76853.77,76853.77,0.74054936
1789127040,76853.76,76865.0,76853.76,76865.0,0.4000116
1789127100,76864.99,76900.52,76857.08,76899.93,1.85114942
1789127160,76899.93,76949.88,76899.93,76943.33,13.8741852
1789127220,76943.38,76943.38,76909.49,76909.49,1.84178452
1789127280,76909.49,76909.49,76898.73,76903.62,0.07681414
1789127340,76903.62,76912.84,76898.73,76898.73,0.41016338
1789127400,76898.15,76898.15,76882.77,76882.77,0.10809292
1789127460,76865.02,76882.61,76865.02,76882.61,0.36870659
1789127520,76890.97,76936.47,76890.97,76936.47,1.93293059
1789127580,76940.53,76946.36,76927.27,76946.36,0.1858094
1789127640,76949.88,76959.11,76942.97,76942.97,0.34803605
1789127700,76942.97,76942.97,76915.87,76926.36,6.56583895
1789127760,76927.61,76948.99,76927.61,76948.99,1.75912494
1789127820,76948.98,76968.35,76946.03,76968.35,1.76505437
1789127880,76974.01,76977.58,76974.0,76977.58,0.53437255
1789127940,76982.68,77002.94,76981.17,76998.78,1.41173839
1789128000,76989.69,77005.3,76966.48,76982.12,1.32274123
1789128060,76982.12,77041.03,76982.11,77041.02,2.21037854
1789128120,77042.26,77087.83,77042.26,77084.99,3.34671622
1789128180,77084.99,77084.99,77031.2,77031.21,1.39386208
1789128240,77031.21,77045.57,77007.99,77022.15,0.97918255
1789128300,77020.73,77024.28,76989.09,76990.11,4.11496312
1789128360,76989.11,76989.12,76943.49,76943.49,0.63886202
1789128420,76943.49,76943.49,76904.28,76910.64,0.41895086
1789128480,76910.64,76914.05,76910.63,76914.04,0.09025082
1789128540,76904.21,76904.21,76887.52,76887.52,0.10377349
1789128600,76887.52,76941.57,76887.52,76922.39,1.4362244
1789128660,76919.84,76951.63,76916.44,76930.6,0.62894087
1789128720,76930.61,76953.01,76910.99,76910.99,0.20783219
1789128780,76904.61,76904.61,76885.27,76885.28,6.81423878
1789128840,76885.27,76908.8,76885.27,76893.36,0.86686447
1789128900,76893.36,76928.24,76885.27,76923.5,7.0829286
1789128960,76922.81,76978.37,76920.43,76968.6,1.62612381
1789129020,76957.1,76973.86,76918.04,76973.86,1.26342815
1789129080,76987.25,77042.27,76987.25,77025.94,13.59115472
1789129140,77017.78,77022.88,76946.12,76946.12,0.66171513
1789129200,76931.94,77005.81,76931.94,77005.81,2.05332025
1789129260,77005.81,77031.81,76977.48,76977.48,0.71312357
1789129320,76970.01,76986.48,76965.52,76974.59,0.79352552
1789129380,76974.58,76984.48,76961.69,76983.13,0.2367831
1789129440,76975.84,76975.84,76917.84,76923.76,0.43917413
1789129500,76920.74,76976.21,76917.52,76976.21,0.47854175
1789129560,76976.21,77010.66,76955.86,76969.77,3.40140253
1789129620,76968.92,77005.13,76958.1,76993.84,0.3400021
1789129680,77004.53,77021.41,76889.19,76949.63,2.87379368
1789129740,76946.12,77360.49,76922.99,77056.44,21.64371606
1789129800,77073.8,77133.7,76040.02,76458.55,79.3499687
1789129860,76399.78,76456.09,76196.45,76439.26,20.02784391
1789129920,76408.28,76719.39,76360.48,76683.62,33.36266573
1789129980,76694.91,76968.35,76643.66,76896.66,23.37818556
1789130040,76966.29,77227.38,76944.01,77102.14,24.64936602
1789130100,77094.16,77226.36,76986.82,77102.89,20.25083834
1789130160,77119.18,77232.57,77067.44,77205.72,20.43041281
1789130220,77188.0,77554.11,77188.0,77360.96,24.76423035
1789130280,77351.59,77442.25,77351.59,77370.76,8.64310931
1789130340,77361.67,77589.63,77320.1,77550.01,11.69810977
1789130400,77589.02,77645.51,77465.0,77465.0,8.02660732
1789130460,77457.24,77496.58,77360.86,77482.25,5.75386633
1789130520,77469.14,77516.41,77372.22,77504.25,7.34314772
1789130580,77509.89,77579.17,77468.48,77577.06,7.75242125
1789130640,77573.32,77609.55,77510.32,77580.47,4.13431761
1789130700,77561.98,77647.04,77536.04,77607.55,10.21313054
1789130760,77615.28,77775.11,77614.98,77746.37,14.36537543
1789130820,77756.37,77953.58,77710.67,77949.7,23.49584858
1789130880,77940.57,77972.29,77845.46,77865.22,11.41079642
1789130940,77891.12,77891.12,77804.07,77826.35,7.81267763
1789131000,77825.1,78044.45,77815.83,77983.74,17.04080461
1789131060,77986.77,78100.0,77923.64,77923.64,13.99423571
1789131120,77923.63,78021.69,77922.0,77963.74,3.29942493
1789131180,77967.39,78003.23,77965.3,77996.59,4.81699438
1789131240,77997.08,78040.26,77911.39,77911.39,0.51916496
1789131300,77910.94,77971.72,77886.23,77958.53,2.05121086
1789131360,77952.27,77952.27,77853.11,77882.6,2.99304811
1789131420,77881.23,77888.75,77840.03,77849.53,0.94209068
1789131480,77845.45,77947.3,77845.24,77911.95,2.13376519
1789131540,77915.84,77991.51,77915.84,77991.51,5.73172325
1789131600,77991.51,78000.75,77851.08,77851.08,3.76088476
1789131660,77845.44,77883.25,77813.39,77821.43,13.1491199
1789131720,77819.12,77868.02,77813.39,77814.49,4.76926151
1789131780,77814.49,77814.49,77760.87,77785.44,3.2388289
1789131840,77785.03,77789.54,77720.09,77720.09,4.71179377
1789131900,77723.83,77845.44,77701.43,77845.44,3.46998935
1789131960,77849.15,77878.47,77822.72,77875.85,0.61701952
1789132020,77874.44,77874.44,77788.24,77788.25,1.10889784
1789132080,77788.24,77788.25,77633.49,77635.83,8.28495616
1789132140,77626.88,77626.88,77544.61,77550.21,8.70777684
1789132200,77550.22,77599.98,77550.22,77594.13,1.18704675
1789132260,77588.09,77623.45,77560.01,77560.01,2.18109952
1789132320,77566.23,77627.55,77566.23,77589.14,0.22108749
1789132380,77579.48,77651.09,77536.08,77651.09,4.33148096
1789132440,77651.1,77687.43,77651.1,77687.43,0.40533125
1789132500,77695.68,77695.68,77616.03,77616.03,1.20924864
1789132560,77604.61,77649.38,77588.95,77623.2,1.05174656
1789132620,77623.19,77641.69,77602.27,77602.27,0.46108513
1789132680,77602.27,77674.26,77602.27,77674.26,0.869692
1789132740,77674.26,77693.23,77651.02,77675.13,1.05623874
1789132800,77679.52,77736.47,77668.75,77668.75,5.82100057
1789132860,77661.01,77719.47,77644.86,77719.47,0.48404405
1789132920,77748.21,77800.71,77748.21,77788.75,4.22238562
1789132980,77787.94,77794.79,77741.76,77741.76,0.41395522
1789133040,77731.14,77731.15,77687.61,77692.78,1.62121957
1789133100,77695.18,77695.18,77642.15,77653.24,3.33182048
1789133160,77640.2,77700.8,77614.14,77665.47,6.34654274
1789133220,77665.47,77665.48,77543.11,77543.11,1.31230885
1789133280,77543.11,77602.71,77487.28,77551.88,7.55761329
1789133340,77543.72,77543.72,77490.25,77507.8,1.16078986
1789133400,77497.56,77699.64,77450.1,77667.77,5.93886663
1789133460,77663.06,77720.25,77440.81,77482.99,3.59123023
1789133520,77487.31,77581.98,77431.52,77431.52,13.57501176
1789133580,77431.52,77450.47,77375.8,77422.29,6.5543162
1789133640,77405.01,77487.34,77397.35,77487.34,6.10636685
1789133700,77500.49,77574.61,77437.93,77440.58,13.30020381
1789133760,77435.9,77435.9,77244.09,77260.82,15.86473692
1789133820,77256.31,77425.26,77234.49,77405.76,11.55422394
1789133880,77422.35,77477.86,77379.54,77474.99,6.69933581
1789133940,77478.64,77602.59,77471.32,77602.59,2.86960403
1789134000,77641.39,77720.08,77541.48,77592.85,35.58768176
1789134060,77596.12,77810.67,77596.12,77785.49,9.93155096
1789134120,77781.49,77860.08,77747.01,77856.58,12.33828521
1789134180,77858.32,77893.0,77753.29,77785.64,6.29062537
1789134240,77785.64,77842.81,77696.13,77842.81,6.41383751
1789134300,77843.73,77852.7,77734.11,77826.75,4.23910407
1789134360,77829.91,77870.63,77791.6,77866.29,7.9916829
1789134420,77866.29,78009.71,77866.29,77967.98,20.6961525
1789134480,77982.81,78173.97,77982.8,78142.19,20.13958341
1789134540,78131.19,78582.81,78131.19,78501.26,42.0662133
1789134600,78505.19,78538.95,78402.52,78416.56,14.00189265
1789134660,78425.26,78553.57,78418.78,78533.44,2.60599752
1789134720,78578.51,78733.83,78574.3,78730.27,12.57002346
1789134780,78728.01,78767.26,78675.59,78707.91,7.60027445
1789134840,78707.58,78730.99,78629.54,78633.44,5.31673546
1789134900,78639.69,78774.64,78639.69,78763.83,4.78686029
1789134960,78775.16,78789.99,78678.09,78755.77,1.94991406
1789135020,78757.44,78792.89,78729.22,78756.17,3.00724144
1789135080,78756.16,79018.06,78756.16,78949.06,25.17169903
1789135140,78935.01,79288.2,78935.01,79213.9,49.29836273
1789135200,79213.9,79408.43,79115.07,79309.89,14.81962202
1789135260,79299.1,79405.72,79276.35,79405.72,2.64722541
1789135320,79408.43,79588.71,79357.75,79588.71,20.19852335
1789135380,79580.36,79836.83,79388.04,79388.04,39.45455297
1789135440,79396.49,79503.99,79368.07,79482.98,16.27378681
1789135500,79499.7,79535.88,79350.97,79352.17,10.72608108
1789135560,79353.84,79408.91,79217.57,79242.69,38.10857647
1789135620,79233.86,79251.46,79030.46,79047.89,12.44144142
1789135680,79051.02,79117.34,78918.52,78918.52,16.94963649
1789135740,78904.45,79066.19,78847.28,78996.02,20.30477742
1789135800,79009.05,79021.14,78896.41,78896.41,5.44492469
1789135860,78881.73,78932.56,78828.36,78828.36,3.87291381
1789135920,78828.36,78973.01,78799.99,78973.01,4.39541301
1789135980,78973.01,79145.05,78973.01,79145.05,6.50284897
1789136040,79136.91,79169.93,79021.69,79042.5,8.58543367
