trial,seed,choice,reason,spikes_left,spikes_right,rate_left,rate_right,lateralization_d,total_spikes,stim_neurons_left,stim_neurons_right
1,3000,none,too_close,105,105,0.16229,0.16154,0.0023,30061,912,912
2,3001,none,too_close,69,102,0.10665,0.15692,-0.1908,31057,912,912
3,3002,none,too_close,113,112,0.17465,0.17231,0.0068,29928,912,912
4,3003,none,too_close,72,99,0.11128,0.15231,-0.1556,30954,912,912
5,3004,none,too_close,95,109,0.14683,0.16769,-0.0663,30276,912,912
6,3005,none,too_close,99,115,0.15301,0.17692,-0.0725,30043,912,912
7,3006,none,too_close,67,98,0.10355,0.15077,-0.1856,30617,912,912
8,3007,none,too_close,101,123,0.15611,0.18923,-0.0959,30253,912,912
9,3008,none,too_close,93,114,0.14374,0.17538,-0.0992,30855,912,912
10,3009,none,too_close,87,97,0.13447,0.14923,-0.0520,30274,912,912
11,3010,none,too_close,76,109,0.11747,0.16769,-0.1761,30223,912,912
12,3011,none,too_close,74,103,0.11437,0.15846,-0.1616,30572,912,912
13,3012,right,lateralized,63,112,0.09737,0.17231,-0.2779,30981,912,912
14,3013,none,too_close,96,112,0.14838,0.17231,-0.0746,30966,912,912
15,3014,none,too_close,76,107,0.11747,0.16462,-0.1672,31100,912,912
16,3015,none,too_close,93,116,0.14374,0.17846,-0.1078,31581,912,912
17,3016,none,too_close,101,100,0.15611,0.15385,0.0073,30572,912,912
18,3017,none,too_close,104,103,0.16074,0.15846,0.0071,30627,912,912
19,3018,none,too_close,100,107,0.15456,0.16462,-0.0315,30334,912,912
20,3019,none,too_close,88,112,0.13601,0.17231,-0.1177,30936,912,912
