weight_scale,threshold,group,intensity,stim_neurons_per_side,d_left_stim,d_right_stim,delta_d,delta_lo95,delta_hi95,signal,left_stim_L,left_stim_R,left_stim_none,right_stim_L,right_stim_R,right_stim_none,desc_spikes_per_trial,baseline_desc_spikes_per_trial
1,1,VIS_R1R6,0.15,5490,0.0009,-0.0100,0.0109,0.0040,0.0178,true,2,1,17,2,1,17,57.15,56.75
1,1,VIS_R1R6,0.5,5490,0.0102,-0.0184,0.0286,0.0177,0.0396,true,3,1,16,2,1,17,57.90,56.75
1,1,VIS_R1R6,1,5490,0.0053,-0.0202,0.0255,0.0147,0.0363,true,2,1,17,2,2,16,58.70,56.75
1,1,VIS_R1R6,2,5490,0.0053,-0.0191,0.0245,0.0134,0.0355,true,2,1,17,2,2,16,58.73,56.75
1,1,VIS_R1R6,5,5490,0.0053,-0.0191,0.0245,0.0134,0.0355,true,2,1,17,2,2,16,58.73,56.75
1,1,OLF_ORN_FOOD,0.15,912,-0.0062,-0.0062,0.0000,0.0000,0.0000,false,2,1,17,2,1,17,56.75,56.75
1,1,OLF_ORN_FOOD,0.5,912,-0.0062,-0.0062,0.0000,0.0000,0.0000,false,2,1,17,2,1,17,56.75,56.75
1,1,OLF_ORN_FOOD,1,912,-0.0062,-0.0062,0.0000,0.0000,0.0000,false,2,1,17,2,1,17,56.75,56.75
1,1,OLF_ORN_FOOD,2,912,-0.0062,-0.0062,0.0000,0.0000,0.0000,false,2,1,17,2,1,17,56.75,56.75
1,1,OLF_ORN_FOOD,5,912,-0.0062,-0.0062,0.0000,0.0000,0.0000,false,2,1,17,2,1,17,56.75,56.75
1,1,MECH_JO,0.15,412,-0.0062,-0.0091,0.0029,-0.0004,0.0063,false,2,1,17,2,1,17,56.83,56.75
1,1,MECH_JO,0.5,412,-0.0045,-0.0179,0.0134,0.0062,0.0207,true,2,1,17,2,1,17,57.13,56.75
1,1,MECH_JO,1,412,0.0023,-0.0231,0.0254,0.0169,0.0339,true,3,1,16,1,1,18,57.50,56.75
1,1,MECH_JO,2,412,0.0024,-0.0224,0.0248,0.0158,0.0337,true,2,1,17,1,1,18,57.48,56.75
1,1,MECH_JO,5,412,0.0024,-0.0224,0.0248,0.0158,0.0337,true,2,1,17,1,1,18,57.48,56.75
