decision,time_utc,price,return_1h,eye,intensity,rule_action,rule_executed,fly_buy_share,fly_sell_share,fly_hold_share,fly_follows_rule_share
1,2026-07-31 02:00,64498.89,-0.002531,right,0.2531,sell,hold,0.0000,0.1000,0.9000,0.1000
2,2026-07-31 03:00,64222.35,-0.004288,right,0.4288,sell,hold,0.0000,0.0000,1.0000,0.0000
3,2026-07-31 04:00,64309.93,0.001364,left,0.1364,buy,buy,0.0000,0.0000,1.0000,0.0000
4,2026-07-31 05:00,64244.35,-0.001020,right,0.1020,sell,sell,0.0000,0.0000,1.0000,0.0000
5,2026-07-31 06:00,64295.13,0.000790,left,0.0790,buy,buy,0.1000,0.2000,0.7000,0.1000
6,2026-07-31 07:00,64174.6,-0.001875,right,0.1875,sell,sell,0.0000,0.0000,1.0000,0.0000
7,2026-07-31 08:00,63890,-0.004435,right,0.4435,sell,hold,0.0000,0.2000,0.8000,0.2000
8,2026-07-31 09:00,63768.67,-0.001899,right,0.1899,sell,hold,0.0000,0.0000,1.0000,0.0000
9,2026-07-31 10:00,63643.67,-0.001960,right,0.1960,sell,hold,0.0000,0.1000,0.9000,0.1000
10,2026-07-31 11:00,63855.15,0.003323,left,0.3323,buy,buy,0.0000,0.0000,1.0000,0.0000
11,2026-07-31 12:00,63737.45,-0.001843,right,0.1843,sell,sell,0.0000,0.1000,0.9000,0.1000
12,2026-07-31 13:00,63673.57,-0.001002,right,0.1002,sell,hold,0.1000,0.0000,0.9000,0.0000
13,2026-07-31 14:00,63190.43,-0.007588,right,0.7588,sell,hold,0.0000,0.2000,0.8000,0.2000
14,2026-07-31 15:00,62605.02,-0.009264,right,0.9264,sell,hold,0.0000,0.3000,0.7000,0.3000
15,2026-07-31 16:00,62633.54,0.000456,left,0.0456,buy,buy,0.0000,0.0000,1.0000,0.0000
16,2026-07-31 17:00,62808.54,0.002794,left,0.2794,buy,buy,0.1000,0.0000,0.9000,0.1000
17,2026-07-31 18:00,63173.36,0.005808,left,0.5808,buy,buy,0.1000,0.0000,0.9000,0.1000
18,2026-07-31 19:00,63025.83,-0.002335,right,0.2335,sell,sell,0.0000,0.3000,0.7000,0.3000
19,2026-07-31 20:00,62900.01,-0.001996,right,0.1996,sell,sell,0.0000,0.0000,1.0000,0.0000
20,2026-07-31 21:00,62882.15,-0.000284,right,0.0284,sell,sell,0.1000,0.0000,0.9000,0.0000
21,2026-07-31 22:00,62885.33,0.000051,left,0.0051,buy,buy,0.1000,0.0000,0.9000,0.1000
22,2026-07-31 23:00,62879.45,-0.000094,right,0.0094,sell,sell,0.1000,0.3000,0.6000,0.3000
23,2026-08-01 00:00,62817.96,-0.000978,right,0.0978,sell,sell,0.1000,0.0000,0.9000,0.0000
24,2026-08-01 01:00,62878.36,0.000962,left,0.0962,buy,buy,0.1000,0.0000,0.9000,0.1000
25,2026-08-01 02:00,62902.98,0.000392,left,0.0392,buy,buy,0.2000,0.0000,0.8000,0.2000
26,2026-08-01 03:00,63002.11,0.001576,left,0.1576,buy,buy,0.1000,0.0000,0.9000,0.1000
