period,label,fee_rate,fly_repeats,fly_pnl_mean,fly_pnl_min,fly_pnl_max,fly_orders_mean,rule_pnl,rule_orders,fly_minus_rule,fly_beats_rule,reverse_rule_pnl,random_pnl_mean,matched_random_pnl_mean
2026-09-10,STONKFLY 기간,0,30,0.2705,-0.1136,1.2361,4.03,0.2173,22,0.0531,14,0.8760,0.7198,0.2865
2026-09-10,STONKFLY 기간,0.001,30,0.2305,-0.1577,1.1861,4.03,-0.0024,22,0.2329,23,0.6160,0.5750,0.2447
2026-09-10,STONKFLY 기간,0.006,30,0.0307,-0.4572,0.9361,4.03,-1.1012,22,1.1320,30,-0.6840,-0.1489,0.0359
2025-09-10,상승장,0,10,0.2390,-0.0132,0.5522,3.60,0.9219,26,-0.6829,0,0.0815,0.3380,0.1996
2025-09-10,상승장,0.001,10,0.2030,-0.0432,0.5022,3.60,0.6619,26,-0.4589,0,-0.1085,0.1932,0.1637
2025-09-10,상승장,0.006,10,0.0230,-0.1931,0.2522,3.60,-0.6381,26,0.6611,10,-1.0585,-0.5309,-0.0159
2026-02-20,상승장,0,10,-0.0265,-0.1563,0.1880,4.70,-0.0526,26,0.0261,6,0.2065,0.1806,0.0984
2026-02-20,상승장,0.001,10,-0.0735,-0.2163,0.1580,4.70,-0.3125,26,0.2391,10,0.0063,0.0358,0.0539
2026-02-20,상승장,0.006,10,-0.3084,-0.6555,0.0080,4.70,-1.6125,26,1.3041,10,-0.9946,-0.6879,-0.1690
2026-05-26,하락장,0,10,-0.0592,-0.1949,0.0000,2.20,-0.2662,20,0.2070,10,-0.3209,-0.2853,-0.0660
2026-05-26,하락장,0.001,10,-0.0801,-0.2147,0.0000,2.20,-0.4659,20,0.3858,10,-0.5809,-0.4300,-0.0892
2026-05-26,하락장,0.006,10,-0.1850,-0.3889,0.0000,2.20,-1.4646,20,1.2797,10,-1.8809,-1.1533,-0.2053
2026-07-31,하락장,0,10,0.0040,-0.0465,0.0601,1.80,0.0181,18,-0.0141,5,-0.8435,-0.3062,-0.0567
2026-07-31,하락장,0.001,10,-0.0140,-0.0946,0.0401,1.80,-0.1519,18,0.1379,10,-1.1035,-0.4508,-0.0778
2026-07-31,하락장,0.006,10,-0.1040,-0.3442,0.0000,1.80,-1.0018,18,0.8979,10,-2.4035,-1.1737,-0.1830
2026-08-18,횡보장,0,10,0.0160,-0.0373,0.0721,2.10,-0.0789,24,0.0949,10,0.1749,0.0030,-0.0020
2026-08-18,횡보장,0.001,10,-0.0040,-0.0573,0.0521,2.10,-0.3189,24,0.3149,10,-0.0551,-0.1418,-0.0193
2026-08-18,횡보장,0.006,10,-0.1040,-0.2462,0.0000,2.10,-1.5189,24,1.4149,10,-1.2053,-0.8654,-0.1056
