repeat,final_pnl_usd,final_value_usd,orders,fees_usd,buy_signals,sell_signals,hold_signals,agree_with_rule,opposite_of_rule,percentile_in_random,expected_pnl_same_orders,residual_vs_same_orders
0,0.0000,100.0000,0,0.0000,0,1,25,0,1,0.9707,0.0000,0.0000
1,0.0000,100.0000,0,0.0000,0,0,26,0,0,0.9707,0.0000,0.0000
2,0.0000,100.0000,0,0.0000,0,2,24,0,2,0.9707,0.0000,0.0000
3,0.0000,100.0000,0,0.0000,0,3,23,0,3,0.9707,0.0000,0.0000
4,0.0000,100.0000,0,0.0000,0,3,23,1,2,0.9707,0.0000,0.0000
5,-0.1757,99.8243,7,0.3611,3,7,16,2,8,0.9186,-0.1176,-0.0581
6,0.0000,100.0000,0,0.0000,0,2,24,0,2,0.9707,0.0000,0.0000
7,0.0000,100.0000,0,0.0000,0,3,23,1,2,0.9707,0.0000,0.0000
8,0.0000,100.0000,0,0.0000,0,2,24,1,1,0.9707,0.0000,0.0000
9,-0.0402,99.9598,1,0.0600,1,3,22,0,4,0.9641,-0.0360,-0.0042
